0,0.8256507601375844,Termy,0.17434923986241557
0,0.13472841199869912,JamesWrightLD,0.8652715880013009
0,0.050065969158660795,WilliamPHDyer,0.9499340308413392
0,0.04485752888909478,DanielZeichner,0.9551424711109052
0,0.3099358515739462,robertcourts,0.6900641484260538
0,0.26787309580678575,Eluned_Parrott,0.7321269041932142
0,0.28187572629582247,Georgina_Milne,0.7181242737041775
0,0.15924234025673145,PaulaJaneB,0.8407576597432685
0,0.22966262099114942,MilesGrindey,0.7703373790088506
0,0.18544925347044405,joerichards,0.814550746529556
0,0.04230804467873317,GillFurnissMP,0.9576919553212668
0,0.13557430791159775,johnpotterLD,0.8644256920884023
0,0.6736087638372943,_Peacocks_,0.32639123616270566
0,0.03599113483414562,mikejwood,0.9640088651658544
0,0.18132976744940588,TommySheppard,0.8186702325505941
0,0.12473087013198292,tracy_harvey,0.8752691298680171
0,0.015495513571015862,JudithBuntingLD,0.9845044864289841
0,0.3981789197666886,laylamoran,0.6018210802333114
0,0.5014011881426362,Sandhyamma,0.49859881185736377
0,0.8850138647666134,ClaireforTAY,0.11498613523338659
0,0.004513058021106575,racheleden,0.9954869419788934
0,0.14283699186668053,ldmikebell,0.8571630081333195
0,0.9150497748535709,YasminQureshiMP,0.08495022514642918
0,0.03704384842311237,MadeleineMoon,0.9629561515768876
0,0.2499405098981209,CreweLabour,0.7500594901018791
0,0.29021470664661675,ASJSimpson,0.7097852933533833
0,0.5106612084862624,MartynDaySNP,0.4893387915137376
0,0.09532609742586473,andymstrange,0.9046739025741353
0,0.04356290267899754,StephenGethins,0.9564370973210025
0,0.6921645797921128,AnnelieseDodds,0.3078354202078873
0,0.3581423108952697,Telfordlabour,0.6418576891047303
0,0.15067980556394933,dinahkeal,0.8493201944360507
0,0.3164273536922446,JoySquires,0.6835726463077554
0,0.19988442247875848,MikeKaneMP,0.8001155775212415
0,0.07657728101342387,callum_mccaig,0.9234227189865761
0,0.05260333102533321,LabourMarina,0.9473966689746668
0,0.13861828256138553,NickGibbUK,0.8613817174386145
0,0.06607486103638494,PeterThornton10,0.9339251389636151
0,0.5493636472486776,EmmaWhysall,0.45063635275132247
0,0.5175156194215235,gregjudge,0.48248438057847653
0,0.10215483195337005,chhcalling,0.89784516804663
0,0.4863908743465616,AlanUkip,0.5136091256534384
0,0.025618284399402835,HugoSwire,0.9743817156005972
0,0.4935266104909177,PaulMcGarryUK,0.5064733895090823
0,0.18258768295335126,Hitesh_T,0.8174123170466487
0,0.3340327810879179,IanMurrayMP,0.6659672189120821
0,0.09261063613665432,mwinnington,0.9073893638633457
0,0.6978448570143547,jeremy4glos,0.30215514298564533
0,0.14600061724764346,juliejonesevans,0.8539993827523565
0,0.0661863151388451,mthrel,0.9338136848611549
0,0.08674703227969882,Bobby_Dean,0.9132529677203012
0,0.7109049177672513,rheawolfson,0.2890950822327487
0,0.7510484415473186,mpntod,0.2489515584526813
0,0.22709621758363518,AledMorganH,0.7729037824163648
0,0.23986516106672306,sarahjolney1,0.7601348389332769
0,0.053729979331665345,RykDownes,0.9462700206683347
0,0.21284640392135046,Mark_Spencer,0.7871535960786495
0,0.048132622149935744,sheryllmurray,0.9518673778500643
0,0.2866241749039503,jordslw,0.7133758250960497
0,0.07540413519145739,DanielMNorton,0.9245958648085426
0,0.2349471419323722,lucyvsalek,0.7650528580676278
0,0.27299676383932325,margot_james_mp,0.7270032361606767
0,0.024939677491333523,KateGreenSU,0.9750603225086665
0,0.38454540349341826,NewhamGreens,0.6154545965065817
0,0.7514780120602502,cllrccarubia,0.24852198793974983
0,0.7846473644386367,margarethodge,0.21535263556136336
0,0.3296577247821837,SteMorris,0.6703422752178163
0,0.376439613210099,simonfell,0.623560386789901
0,0.9649570803900338,WarrenLFox,0.035042919609966174
0,0.287826336667768,PaulforMP,0.712173663332232
0,0.7119442588998233,shales73,0.2880557411001767
0,0.8590821934604425,DNuttall,0.1409178065395576
0,0.0916491172938999,AndrewCreak,0.9083508827061001
0,0.5022174412555572,MartinChelt,0.49778255874444277
0,0.6191257296555399,AndyD_Newman,0.38087427034446014
0,0.5786023619758177,JenniferBrathwa,0.4213976380241823
0,0.20794427503601864,InclusionQuery,0.7920557249639814
0,0.7541591928162767,elis_wilson,0.2458408071837232
0,0.19549508524140802,carlminns,0.804504914758592
0,0.24639172971825896,GonulDaniels,0.753608270281741
0,0.0368606616626076,CliveEfford,0.9631393383373924
0,0.09532609742586473,fivanmierlo,0.9046739025741353
0,0.7272390573544225,GreenbankGreens,0.2727609426455775
0,0.025844299193105824,GradySNP,0.9741557008068942
0,0.2066248111888771,AlexSalmond,0.7933751888111229
0,0.6788538717506156,Meg_HillierMP,0.32114612824938443
0,0.05342353015373302,holliedevanney,0.946576469846267
0,0.22475735479675918,JoyceOnstad,0.7752426452032408
0,0.03223156679330419,flynnhc,0.9677684332066958
0,0.15924234025673145,bernardjenkin,0.8407576597432685
0,0.6267617004130687,johnmcdonnellMP,0.37323829958693133
0,0.23928561701883022,jon_trickett,0.7607143829811698
0,0.3017843688477979,clrandrewcooper,0.6982156311522021
0,0.05507053869058198,LouiseEllman,0.944929461309418
0,0.3927865558967547,StephenTwigg,0.6072134441032453
0,0.8643046370730965,AndyMcDonaldMP,0.1356953629269035
0,0.079262884980149,andreajenkyns,0.920737115019851
0,0.3034303266170666,crimicans98,0.6965696733829334
0,0.09532609742586473,Drew1403,0.9046739025741353
0,0.6753585565912874,green_mac,0.32464144340871265
0,0.4688347568631599,kevcow,0.5311652431368401
0,0.0345287162053719,Neil4Preston,0.9654712837946281
0,0.1141055199919877,McCargo,0.8858944800080123
0,0.052155227021454365,DomesticBits,0.9478447729785456
0,0.8675718913044275,darrenpaffey,0.13242810869557256
0,0.38660439056869356,jeanmedavis,0.6133956094313064
0,0.4978935695229574,sue_mcguire,0.5021064304770426
0,0.8259124646545808,UKIPRedvers,0.17408753534541924
0,0.034983228653205134,MarieRimmer,0.9650167713467949
0,0.2516772510703219,georgenturner,0.7483227489296781
0,0.758514880560138,Molly4Wstow,0.24148511943986192
0,0.12131601180642004,NigelQuinton,0.87868398819358
0,0.13326755750231267,JaneBrophyLD,0.8667324424976873
0,0.4212594969042992,IanMiddletonX,0.5787405030957008
0,0.8581169692787582,kev927riddy,0.14188303072124175
0,0.1617785622218364,Marshadecordova,0.8382214377781636
0,0.667181190356766,John2Win,0.33281880964323396
0,0.32307477613957314,AllanBrame,0.6769252238604269
0,0.15924234025673145,ShabanaMahmood,0.8407576597432685
0,0.0644497670558638,Kate_HollernMP,0.9355502329441362
0,0.14650469919322584,Chris4BNC,0.8534953008067742
0,0.08930127088483863,fozziebecs,0.9106987291151614
0,0.32074859903378605,Tobias_Ellwood,0.679251400966214
0,0.0585066795087662,darrenpjones,0.9414933204912338
0,0.06807981213475367,IvanLewis_MP,0.9319201878652463
0,0.14998950602931205,NeilUKIP,0.850010493970688
0,0.08976197758514692,AdamVanChelt,0.9102380224148531
0,0.03292580978613546,GillianKeegan,0.9670741902138645
0,0.04476283582832041,DebWiseUnger,0.9552371641716796
0,0.5088015028691766,LindsayHoyle_MP,0.4911984971308234
0,0.04250523515744453,ChrisM4Chester,0.9574947648425555
0,0.05637909421471177,PhilBoswellSNP,0.9436209057852882
0,0.23117967138610518,simonjcope,0.7688203286138948
0,0.055577317737118825,DougChapmanSNP,0.9444226822628812
0,0.08121154054245505,cara_hilton,0.918788459457545
0,0.9051109099448921,isogrant,0.09488909005510789
0,0.4665847860073471,SamGyimah,0.5334152139926529
0,0.1557056043003079,StephenLloydEBN,0.8442943956996921
0,0.05126103827728834,joanryanEnfield,0.9487389617227117
0,0.2723826016694838,LanaHylands,0.7276173983305162
0,0.8160902420670182,HounslowGreens,0.18390975793298184
0,0.13426750254875575,hinamalik85,0.8657324974512443
0,0.4024212934789456,decombustion,0.5975787065210544
0,0.13868070857850512,Jeremy_Newmark,0.8613192914214949
0,0.8869603553347273,DamianCollins,0.1130396446652727
0,0.19470945191697764,Altany,0.8052905480830224
0,0.10081724492121047,barriefairbairn,0.8991827550787895
0,0.30025517446087935,DaveRaval,0.6997448255391207
0,0.09235621955214823,JamesMorris,0.9076437804478518
0,0.04446373296003037,HollyLynch5,0.9555362670399696
0,0.6309890964011653,dianapwallis,0.36901090359883476
0,0.38272471437504674,EmmaJaneWallace,0.6172752856249533
0,0.049635241394802576,horshamlabour,0.9503647586051974
0,0.5388952468227917,bkatenga,0.4611047531772083
0,0.3072360670733999,stormpoorun,0.6927639329266001
0,0.20886752722869695,vickyfoxcroft,0.791132472771303
0,0.45139930785173066,StephPitchers,0.5486006921482693
0,0.1423159789091829,NiaGriffithMP,0.8576840210908171
0,0.08502320082209591,gavinshuker,0.9149767991779041
0,0.47978750382670976,Puttick4Macc,0.5202124961732902
0,0.1421186080992458,emilyfermor,0.8578813919007542
0,0.22817396237853937,stuartjeffery,0.7718260376214606
0,0.07662217405695737,Y_FovargueMP,0.9233778259430426
0,0.1963994637531994,johnleechmcr,0.8036005362468006
0,0.5994326394770042,JeffSmithetc,0.4005673605229958
0,0.5688094802351842,Michael4MDNP,0.4311905197648158
0,0.18613135944038672,owenlmeredith,0.8138686405596133
0,0.09149942752302753,kathrynjanexo,0.9085005724769725
0,0.08725679391633745,MhairiBlack,0.9127432060836626
0,0.044486341559606624,FionaOnasanyaMP,0.9555136584403934
0,0.12221496296901302,sue_dann,0.877785037030987
0,0.02465578787498257,bjfletcher,0.9753442121250174
0,0.09784253227433448,_JonathanEssex,0.9021574677256655
0,0.20294153269953463,NickHurdUK,0.7970584673004654
0,0.056426361721789275,a_adeyemo,0.9435736382782107
0,0.17155415285976283,roisinlynchsdlp,0.8284458471402372
0,0.08491857584405704,philhutty,0.915081424155943
0,0.7297544466802199,GPWebb,0.27024555331978
0,0.15174596556041353,andrealeadsom,0.8482540344395865
0,0.07157450948887267,robjlinds,0.9284254905111273
0,0.16502362484399646,Sarah_C_Church,0.8349763751560035
0,0.025035146571195988,cmackinlay,0.974964853428804
0,0.15350953292915603,warelane,0.846490467070844
0,0.22147231921730737,Steven4Stirling,0.7785276807826926
0,0.5279951949488709,RuthSmeeth,0.4720048050511291
0,0.11783219619283603,mikenesbittni,0.882167803807164
0,0.7941923624929687,DomGiles1,0.20580763750703132
0,0.366477656008511,RhydianFitter,0.633522343991489
0,0.07111316339385221,GarethLibDem,0.9288868366061478
0,0.4012988473121809,Geoffrey_Cox,0.5987011526878191
0,0.15924234025673145,BorisJohnson,0.8407576597432685
0,0.18882533330080387,greycoatlaw,0.8111746666991961
0,0.013772797617513377,MattWestern_,0.9862272023824866
0,0.4740021919829468,ianstotesbury,0.5259978080170532
0,0.1724715125468238,tessamunt,0.8275284874531762
0,0.1016305676218594,lizleffman,0.8983694323781406
0,0.3996289863379143,AndyCroy,0.6003710136620857
0,0.14514114586041482,EmmaReynoldsMP,0.8548588541395852
0,0.8851126223219388,CarrieAHarper,0.11488737767806129
0,0.0567228492075641,marygwengriff,0.9432771507924359
0,0.4201111655827744,nickherbertmp,0.5798888344172256
0,0.021687149824833885,GloriaDePiero,0.9783128501751661
0,0.3001818739534933,DamianGreen,0.6998181260465067
0,0.008817033510332806,DLidington,0.9911829664896672
0,0.15924234025673145,EilidhWhiteford,0.8407576597432685
0,0.024573248070998477,Wera_Hobhouse,0.9754267519290015
0,0.39369345348997387,GRobinsonDUP,0.6063065465100261
0,0.20811940370490412,AlMcDonnellSB,0.7918805962950959
0,0.0898217038913951,ScottDickinson0,0.9101782961086049
0,0.17998091333221,JuliePorksen,0.82001908666779
0,0.30362547760997793,grahamstuart,0.6963745223900221
0,0.7043542565277296,JamesLovatt,0.2956457434722703
0,0.6668603539348751,radclifd,0.3331396460651249
0,0.09759599350884951,uknoel,0.9024040064911505
0,0.15350953292915603,Imran_HussainMP,0.846490467070844
0,0.16827728602242986,JudithCummins,0.8317227139775701
0,0.05637475128684444,bingleyr,0.9436252487131556
0,0.13396183645993676,MaryMacleodUK,0.8660381635400632
0,0.15150838404513278,TerenceSmith14,0.8484916159548672
0,0.15924234025673145,karinsmyth,0.8407576597432685
0,0.18061797626474585,3RGJ,0.8193820237352542
0,0.19653965488949066,andyg2439,0.8034603451105093
0,0.059862144617101376,BattyeJanet,0.9401378553828986
0,0.22066001112128963,RastrickCrusade,0.7793399888787104
0,0.678951092642256,Sarulislam,0.32104890735774405
0,0.042790694035265364,mark4ceredigion,0.9572093059647346
0,0.08597902936444657,sj_robinson,0.9140209706355534
0,0.012389840088769422,AlexChalkChelt,0.9876101599112306
0,0.12302376170381857,harriescoffee,0.8769762382961814
0,0.09157668717433098,LabourSJ,0.908423312825669
0,0.801017295828693,Nicola_Knight1,0.198982704171307
0,0.15924234025673145,curryannemarie,0.8407576597432685
0,0.11666714545175527,joenaitta,0.8833328545482447
0,0.34466570056051893,Roobotham,0.6553342994394811
0,0.9713501809399905,ajsmith_libdem,0.02864981906000951
0,0.31682050911617654,Ed_Miliband,0.6831794908838235
0,0.2239576239342994,IanAustinMP,0.7760423760657006
0,0.38431256763337607,JonBramall,0.6156874323666239
0,0.1844724977851615,StewartHosieSNP,0.8155275022148385
0,0.3851169325471787,whyteleafedavid,0.6148830674528213
0,0.044213391190580764,carl1545,0.9557866088094192
0,0.37164484252422836,Craig_R_Martin,0.6283551574757716
0,0.06212515611599312,ElishaMcC_SF,0.9378748438840069
0,0.311534036490108,andyredfern,0.688465963509892
0,0.06802491126287935,danielslaw,0.9319750887371206
0,0.383407003119265,RichardGrahamUK,0.616592996880735
0,0.7535032306907177,gylabour,0.24649676930928227
0,0.07049993688333189,TulipSiddiq,0.9295000631166681
0,0.13471254429596313,nickperrylibdem,0.8652874557040369
0,0.2588315100714237,William_Wragg,0.7411684899285763
0,0.24828947836228166,Hemellabour,0.7517105216377183
0,0.28705567106018703,mikekatz,0.712944328939813
0,0.3361026771943282,bphillipsonMP,0.6638973228056718
0,0.22894479067636175,gummerben,0.7710552093236382
0,0.017152223625033103,EmilyThornberry,0.9828477763749669
0,0.2537498768106299,jenniferdnadel,0.7462501231893701
0,0.11041555500793399,AlanBrownSNP,0.889584444992066
0,0.8260509621851402,clairethomas1,0.17394903781485985
0,0.2374626109400465,RogMull,0.7625373890599535
0,0.2537728369465172,RachelReevesMP,0.7462271630534828
0,0.1535120556278402,MagsLewisGreen,0.8464879443721598
0,0.18665333881590074,ShaunBaileyUK,0.8133466611840993
0,0.691763780862743,CPALewisham,0.3082362191372569
0,0.2288263940836912,AshleyGunstock,0.7711736059163088
0,0.1529554780278254,BenBloryman,0.8470445219721746
0,0.45786422045684216,Kristoforbrown,0.5421357795431578
0,0.3046677333950152,SeguraLiverpool,0.6953322666049848
0,0.08395105299988126,lucianaberger,0.9160489470001187
0,0.1927044533716874,granted76,0.8072955466283126
0,0.12244429739557616,Dunne4Ludlow,0.8775557026044238
0,0.7707742031573228,dean_r,0.22922579684267722
0,0.1222174934181165,CllrPauline,0.8777825065818835
0,0.30478658283442994,iainastewart,0.6952134171655701
0,0.02758059450352368,ruthjoneswales,0.9724194054964763
0,0.03861531317901368,RobertJenrick,0.9613846868209863
0,0.26450881485653366,pippabartolotti,0.7354911851434663
0,0.1998624964701431,caoimhemcneill,0.8001375035298569
0,0.18991917780987455,AndrewMuirNI,0.8100808221901254
0,0.18211730997129505,KevanJonesMP,0.817882690028705
0,0.2912045719667907,dougmswanney,0.7087954280332093
0,0.3029716104161362,Robin34t,0.6970283895838638
0,0.11273510465049941,Charley_P,0.8872648953495006
0,0.8410609016073937,JustinTomlinson,0.15893909839260634
0,0.0594307656660662,garyupnorth,0.9405692343339338
0,0.22998122205411964,ALewerMBE,0.7700187779458804
0,0.12594213026360024,HughinNorfolk,0.8740578697363998
0,0.10372446988241801,hollidb,0.896275530117582
0,0.2595222416844676,Yellowsiskin,0.7404777583155324
0,0.061116228263799144,TamaraGalloway,0.9388837717362009
0,0.3050976429628812,JohnnyMercerUK,0.6949023570371188
0,0.051090806321861915,esbagshaw,0.9489091936781381
0,0.31906506522624434,FitzMP,0.6809349347737557
0,0.7187716934286257,geraldvjuk,0.2812283065713744
0,0.1981055464762892,RhonddaPlaid,0.8018944535237108
0,0.05575277220053587,KarenClydach,0.9442472277994641
0,0.026657667009237107,JesmondDan,0.9733423329907629
0,0.0833657202964071,JamesDuddridge,0.9166342797035929
0,0.1310746932003779,PhilipHammondUK,0.8689253067996221
0,0.5726504022461572,RLong_Bailey,0.42734959775384285
0,0.5201722462564173,paulsample2020,0.4798277537435827
0,0.17903234961421732,PaulBlomfieldMP,0.8209676503857827
0,0.4169706938734171,nick_clegg,0.5830293061265829
0,0.06157229281421883,HannahFAbbey,0.9384277071857812
0,0.7235270202466355,markblackburn,0.27647297975336455
0,0.24956952269967525,RobPearson_1,0.7504304773003247
0,0.30919830564270523,catherinerowett,0.6908016943572948
0,0.49011025077318515,SeemaKennedy,0.5098897492268148
0,0.1490618063980257,GitanjaliG,0.8509381936019743
0,0.18550650328937413,emmabishton,0.8144934967106259
0,0.3106750723284687,Socialistsmithy,0.6893249276715313
0,0.18830775735331762,Laura_Pictor,0.8116922426466824
0,0.12612252352248965,stevedouble,0.8738774764775104
0,0.024167397699825677,ConorMcGinn,0.9758326023001743
0,0.49067021363817787,ThomasMorrison,0.5093297863618221
0,0.03418677002974535,JeremyLefroy,0.9658132299702546
0,0.04414591133439971,DaveMazzJones,0.9558540886656003
0,0.038893423593370446,pete4stour,0.9611065764066296
0,0.21245062224998734,Strangfordgreen,0.7875493777500127
0,0.16121953327076488,sw16alex,0.8387804667292351
0,0.06552998023279,NiallHodson,0.93447001976721
0,0.030652104178325867,amnajahmad,0.9693478958216741
0,0.12519384174771553,GeraintDaviesMP,0.8748061582522845
0,0.3683057209021998,PatmccarthyPat,0.6316942790978002
0,0.17301466942379562,MartinBrampton,0.8269853305762044
0,0.3721045883824532,vincecable,0.6278954116175468
0,0.010870150770791565,katherinedunne,0.9891298492292084
0,0.06963824638904992,wgwynwilliams,0.9303617536109501
0,0.007745265089797004,LiverLibDems,0.992254734910203
0,0.4849605542307629,aliciaclarke27,0.5150394457692371
0,0.19416787587362283,lisanandy,0.8058321241263772
0,0.2443112159711971,jackielibdem,0.7556887840288029
0,0.15475439235342447,AdamAfriyie,0.8452456076465755
0,0.7987043329321866,CllrCliveJones,0.20129566706781343
0,0.3099358515739462,Mark4WyreForest,0.6900641484260538
0,0.14137929093605084,RachaelMaskell,0.8586207090639492
0,0.15924234025673145,Emily4Aberconwy,0.8407576597432685
0,0.6502018334408586,wilsjen,0.3497981665591414
0,0.1854353180034456,DanJarvisMP,0.8145646819965544
0,0.28486023867543997,AEuropeanBrit,0.71513976132456
0,0.177209205041703,LD4Bassetlaw,0.822790794958297
0,0.3334997394941652,GerryCarrollPBP,0.6665002605058348
0,0.34351252525989273,jpkemp94,0.6564874747401073
0,0.2465085228663625,BNP_Bexley,0.7534914771336375
0,0.05077803577772666,ColinGreenLD,0.9492219642222733
0,0.2613316373923865,steve_mccabe,0.7386683626076135
0,0.031246624571748982,PaulMaynardUK,0.968753375428251
0,0.08153995906596745,Kiwi317,0.9184600409340326
0,0.042548174203904,ConorBurnsUK,0.957451825796096
0,0.02284764520495164,dave4bmthwest,0.9771523547950484
0,0.16977339798605529,mgjewellLD,0.8302266020139447
0,0.24744001274117833,GeorgePBGrant,0.7525599872588217
0,0.2088258172703399,bradfordgreens,0.7911741827296601
0,0.35770060114452773,SalmaYaqoob,0.6422993988554723
0,0.032592195709725824,Ameet_Jogia,0.9674078042902742
0,0.5750009577713303,GarethPBarrett,0.4249990422286697
0,0.7630792568117348,lloyd_rm,0.2369207431882652
0,0.4808591023430161,FrancoisLoi,0.5191408976569839
0,0.6340590200113996,jamckier,0.3659409799886004
0,0.1182402727979055,Jochurchill4,0.8817597272020945
0,0.7248294327757641,SWEValleys,0.275170567224236
0,0.2926198396547861,WayneDavid_MP,0.7073801603452139
0,0.16113618231641946,DrJohnHayward,0.8388638176835805
0,0.16359031122977585,Dadgey,0.8364096887702241
0,0.06906715628514881,as_penarth,0.9309328437148512
0,0.13543687221253253,Emina_ibrahim,0.8645631277874675
0,0.22619073808416268,mmaxwellscott,0.7738092619158373
0,0.07253871112679999,JoeCookeLabour,0.9274612888732
0,0.1736274351682936,bigbuzzard,0.8263725648317064
0,0.4397524119901186,seankellywalsh,0.5602475880098814
0,0.010982194515098187,MaryRobinson01,0.9890178054849018
0,0.06433718760227358,vickyford,0.9356628123977264
0,0.04252697270076944,Louise_Rowntree,0.9574730272992306
0,0.4453361554726353,ChichesterUKIP,0.5546638445273647
0,0.10200688248334278,DisgruntledRad,0.8979931175166572
0,0.07141744818023354,hgaffney48,0.9285825518197665
0,0.031824921916643545,Greens4CV,0.9681750780833565
0,0.0969156747872667,AnnClwyd,0.9030843252127333
0,0.07132598631645004,peterjharris66,0.92867401368355
0,0.47215509527722654,CouncillorLes,0.5278449047227735
0,0.42279032955637574,natashamillward,0.5772096704436243
0,0.6955179914467309,JonBall,0.3044820085532691
0,0.2892515813722395,VirendraSharma,0.7107484186277605
0,0.034089819337166816,Caroline_Ansell,0.9659101806628332
0,0.4849826888824713,FoysolChoudhury,0.5150173111175287
0,0.6883131856026293,jon_whitehouse,0.31168681439737067
0,0.6410365970944238,ErewashGreen,0.3589634029055761
0,0.5654448979582013,DavidIons,0.4345551020417987
0,0.25906301297599044,noreen_campbell,0.7409369870240096
0,0.9503648167219584,telliott_UUP,0.049635183278041596
0,0.12143392432904787,LynneBeaumont,0.8785660756709521
0,0.21816895677229908,MatthewJC93,0.7818310432277009
0,0.10934288532684144,GlasgowPam,0.8906571146731586
0,0.03988221850736717,BenDC_,0.9601177814926328
0,0.8350500476855778,alanejdurrant,0.1649499523144222
0,0.08238671281097099,Byron_Davies,0.917613287189029
0,0.07175430632548463,GraveshamGP,0.9282456936745154
0,0.2428764050597888,JHowellUK,0.7571235949402112
0,0.223242533301369,markargentLibDe,0.776757466698631
0,0.1522330012123021,steasap,0.8477669987876979
0,0.20546762833613896,BimAfolami,0.794532371663861
0,0.2318512885753372,UKIPWebb4London,0.7681487114246628
0,0.16231181742177203,PaulEdgeworth,0.837688182578228
0,0.5031601367783776,Phelimmac,0.49683986322162244
0,0.20232734782038764,JDjanogly,0.7976726521796124
0,0.1724715125468238,CambridgeMagpie,0.8275284874531762
0,0.03086579111910337,ChrisChapman86,0.9691342088808966
0,0.3041579982942657,charlotte4ippy,0.6958420017057343
0,0.07857915712996999,sandyofipswich,0.92142084287003
0,0.22246269393167228,richdick,0.7775373060683277
0,0.26858996425393844,MickScrimshaw,0.7314100357460616
0,0.07742432466247329,christinemackay,0.9225756753375267
0,0.16135376190652417,AngelaCrawley30,0.8386462380934758
0,0.16112732990513845,CatSmithMP,0.8388726700948616
0,0.339049860138948,garethmdaviesuk,0.660950139861052
0,0.16005378622985755,alexsobel,0.8399462137701424
0,0.01584169637073385,JoPlattMP,0.9841583036292662
0,0.16857655093093626,KellyMarieLD,0.8314234490690637
0,0.13130532436579656,ChrisWorsey,0.8686946756342034
0,0.35060308865839274,CKConservative,0.6493969113416073
0,0.07444544118343566,HelenGrantMP,0.9255545588165643
0,0.2509363532773988,EdwardsEconomy,0.7490636467226012
0,0.7760265384763818,rachaelashah,0.22397346152361813
0,0.4077184860445513,spelmanc,0.5922815139554487
0,0.10008678517200464,GreeninBeds,0.8999132148279954
0,0.2933920649135421,MarkLancasterMK,0.7066079350864579
0,0.6625287606395551,veronicakgerman,0.3374712393604449
0,0.21601707569020268,DesmondSwayne,0.7839829243097973
0,0.6788490452965741,DavidWatts12,0.3211509547034259
0,0.07030335440801716,newburygreens,0.9296966455919828
0,0.034739511259113676,CatMcKinnell,0.9652604887408863
0,0.4966621692728779,alisonjwhalley,0.5033378307271221
0,0.12144019221823732,taffgorman,0.8785598077817627
0,0.06444075106298208,jessicamordenmp,0.9355592489370179
0,0.2965602451542302,PaulFlynnMP,0.7034397548457698
0,0.7012436392357893,AJonesEvans,0.2987563607642108
0,0.2767921319504062,AnneMarieMorris,0.7232078680495938
0,0.46866110050962895,YvetteCooperMP,0.531338899490371
0,0.07143754722902873,cara_mcshane,0.9285624527709713
0,0.3584684352938905,PatriciaOLynn,0.6415315647061095
0,0.30296505425395925,StephenBBurke,0.6970349457460407
0,0.0552197001854251,OwenPaterson,0.9447802998145749
0,0.14110732801543047,LiamFox,0.8588926719845695
0,0.41157373133707387,andybentley1965,0.5884262686629261
0,0.020801706561948463,kitmalthouse,0.9791982934380515
0,0.11969593784274701,ABridgen,0.880304062157253
0,0.1790236165268696,dob86,0.8209763834731304
0,0.3029399167898911,TasminaSheikh,0.6970600832101089
0,0.6341216325363246,garthharkness,0.36587836746367536
0,0.12640010365540677,AdamKing_Green,0.8735998963445932
0,0.5496926834105543,JimfromOldham,0.45030731658944567
0,0.3451546647939999,JoJohnsonUK,0.6548453352060001
0,0.10785658410944143,AlisonJDowling,0.8921434158905586
0,0.4546490850451377,cllrwblackburn,0.5453509149548623
0,0.13042907503142365,olivercolvile,0.8695709249685764
0,0.041008443687628016,Robin_HC1,0.958991556312372
0,0.03136469660167751,darrensandersld,0.9686353033983225
0,0.41343737836852146,AlokSharma_RDG,0.5865626216314785
0,0.09393214089063484,SimonDanczuk,0.9060678591093652
0,0.11562156360916964,AndrewRosindell,0.8843784363908304
0,0.22940719774305207,IanRSNgreens,0.7705928022569479
0,0.04377493644968522,JerryRoodhouse,0.9562250635503148
0,0.15169479073063752,rebeccalury,0.8483052092693625
0,0.27584152484223723,CllrRMallender,0.7241584751577628
0,0.26143008258167433,CllrDavidMellen,0.7385699174183257
0,0.16032915936795777,Robert4LibDems,0.8396708406320422
0,0.09046166397905664,AlanDuncanMP,0.9095383360209434
0,0.12944401218620405,RandMLibDems,0.870555987813796
0,0.1203110859515022,KemiBadenoch,0.8796889140484978
0,0.02681580895224711,1tomcorbin,0.9731841910477529
0,0.9198536083794933,JohnGlenUK,0.08014639162050671
0,0.1284760177956874,SheffieldGreens,0.8715239822043126
0,0.26591152894881076,Bex_the_Green,0.7340884710511892
0,0.33270329012905253,GreenEmmaB,0.6672967098709475
0,0.9221278069437824,DJWarburton,0.07787219305621756
0,0.0635589284473127,DanGreef,0.9364410715526873
0,0.15182697093504816,HeatherWheeler,0.8481730290649518
0,0.3050103181398993,MarkJarnellNHA,0.6949896818601007
0,0.15924234025673145,globalrichard,0.8407576597432685
0,0.08912371672776842,AndrewSelous,0.9108762832722316
0,0.07165261076131413,AWMurrison,0.9283473892386859
0,0.18985868746744172,SotonGreenParty,0.8101413125325583
0,0.38773996977019665,alanwhiteheadmp,0.6122600302298034
0,0.2651384149110738,BG4MP,0.7348615850889262
0,0.029000583088342302,SamPancheri,0.9709994169116577
0,0.37122226125448365,glen_gogerly,0.6287777387455163
0,0.14162148072313585,ChrisPincher,0.8583785192768641
0,0.15924234025673145,kevinhollinrake,0.8407576597432685
0,0.2563747870974148,sggreenparty,0.7436252129025852
0,0.31116704583857435,Tim_Aker,0.6888329541614256
0,0.8015927515978758,JackieDP,0.19840724840212426
0,0.21000672469875292,chalmersdavidn,0.7899932753012471
0,0.08461437439857711,tania_mathias,0.9153856256014229
0,0.032342331349992426,ChrisRuane2017,0.9676576686500076
0,0.07932883316091177,AlunCairns,0.9206711668390882
0,0.7915097830153743,gulnar73,0.2084902169846256
0,0.8852416908116246,KateHoeyMP,0.1147583091883754
0,0.08573909865132401,antony_calvert,0.914260901348676
0,0.08994754895133383,MaryCreaghMP,0.9100524510486662
0,0.13496197407984412,HelenJonesMP,0.8650380259201559
0,0.14458201803177106,jonathanhornett,0.8554179819682289
0,0.8022981594909971,JSHeappey,0.19770184050900289
0,0.19705327185693666,JohnRWaddell,0.8029467281430633
0,0.2589050904612278,tom_watson,0.7410949095387722
0,0.20255613867743083,hbaldwin,0.7974438613225692
0,0.40791018879781793,NMcGreenParty,0.5920898112021821
0,0.2707888863205622,timfarron,0.7292111136794378
0,0.5558051865429317,WillJPatterson,0.4441948134570683
0,0.2460864145108287,FionaColley,0.7539135854891713
0,0.25113883810459503,WillForster,0.748861161895405
0,0.33724424745828474,GreensWolves,0.6627557525417153
0,0.05342353015373302,DJerrome,0.946576469846267
0,0.4476185100536547,WynEJones,0.5523814899463453
0,0.35540747012814733,isobeldavidson,0.6445925298718527
0,0.20866129664961552,Gary_Puffett,0.7913387033503845
0,0.3360401001482145,CogginsGeraldin,0.6639598998517855
0,0.08986181377440428,AndrewHWestern,0.9101381862255957
0,0.09895157583807279,MarkTamiMP,0.9010484241619272
0,0.280868418276513,Kirstene4Angus,0.719131581723487
0,0.15924234025673145,BrendanOHaraSNP,0.8407576597432685
0,0.14455867706694026,LabourASD,0.8554413229330597
0,0.1506177200688802,sanng7,0.8493822799311198
0,0.11368858532423187,shannon_1976,0.8863114146757681
0,0.04205106518448054,BstokeGreens,0.9579489348155195
0,0.3768388521880215,JohnMannMP,0.6231611478119785
0,0.24421523262795874,GreenElField,0.7557847673720413
0,0.3806384805697559,JulieIreland,0.6193615194302441
0,0.8162522200938281,gemmacweir1,0.1837477799061719
0,0.3066336572039048,cllrtimattwood,0.6933663427960952
0,0.13261589515432226,AjmalMasroor,0.8673841048456777
0,0.03408598020289355,frankfieldteam,0.9659140197971064
0,0.010870150770791565,RichardBurdenMP,0.9891298492292084
0,0.15924234025673145,johnhemming4mp,0.8407576597432685
0,0.17399540162431892,C_F_Adams,0.8260045983756811
0,0.15924234025673145,atbutcher,0.8407576597432685
0,0.15617853020819517,cllrjamesdaly,0.8438214697918048
0,0.11324165053773427,mattwarman,0.8867583494622657
0,0.16083029439631535,CllrSimonBull,0.8391697056036846
0,0.06133605124592523,DWard,0.9386639487540748
0,0.14842073811178536,kathen16,0.8515792618882146
0,0.6632893799028359,DanLodge,0.3367106200971641
0,0.052626123208315834,RahoulBhansali,0.9473738767916842
0,0.11296352122595432,anton_georgiou,0.8870364787740457
0,0.08846950716083801,alexburghart,0.911530492839162
0,0.4015114651214895,mickmcgough,0.5984885348785105
0,0.3534434074430093,craftysci,0.6465565925569907
0,0.03475391830935037,CarolineLucas,0.9652460816906496
0,0.33884883185961534,EmmaWarman,0.6611511681403847
0,0.8797945952648981,sharmilabousa,0.12020540473510187
0,0.02342124003035584,CeliaBristol,0.9765787599696442
0,0.10414223208018292,JulieForBurnley,0.8958577679198171
0,0.14963298561624705,struanmackie,0.850367014383753
0,0.06489258175757484,JoshFG,0.9351074182424252
0,0.22365816097914837,RyburnRob,0.7763418390208516
0,0.07428046487221629,DrBenSpencer,0.9257195351277837
0,0.1724715125468238,JamesCanterbury,0.8275284874531762
0,0.1820571175337612,MarkHooperPlaid,0.8179428824662388
0,0.014251180182976664,Craig_William5_,0.9857488198170233
0,0.4812216597840804,ruthalcroft,0.5187783402159196
0,0.3021939147039442,tracey_crouch,0.6978060852960558
0,0.29338197042517855,MarkHunter,0.7066180295748214
0,0.7817578246058865,cheadlelabour,0.21824217539411353
0,0.38192856928074315,ChrisJVince,0.6180714307192569
0,0.23047883656896817,billcashmore,0.7695211634310318
0,0.29427885953704014,CheshamAmersham,0.7057211404629599
0,0.13891598232195201,EntrepAdvocate,0.861084017678048
0,0.029199390685698656,bilal_labour,0.9708006093143013
0,0.18461287734718146,MarishaRay4MP,0.8153871226528185
0,0.023608065475148376,cllrmoon,0.9763919345248516
0,0.2111932165645547,BridgetFox,0.7888067834354453
0,0.6611463346664987,robertabwMP,0.3388536653335013
0,0.5520862134791864,roy_horobin,0.44791378652081354
0,0.11512410254537475,plaidcymruchris,0.8848758974546252
0,0.21771482167837997,gareththomaslab,0.78228517832162
0,0.37195203893181283,CahalBurke,0.6280479610681872
0,0.058301906556577965,JulieMarson,0.941698093443422
0,0.01832440627036891,DavidHansonMP,0.9816755937296311
0,0.1724715125468238,Emma4Devizes,0.8275284874531762
0,0.0778107926492626,RobertLibDem,0.9221892073507374
0,0.3557009275204399,DavidMundellDCT,0.6442990724795601
0,0.21273411660158636,ChrisLawSNP,0.7872658833984136
0,0.19861204841886482,jCalderLibDem,0.8013879515811352
0,0.6127314929459282,joymorrissey,0.38726850705407173
0,0.12438397413463054,humairasanders,0.8756160258653695
0,0.15924234025673145,ChidiObihara,0.8407576597432685
0,0.258124904983439,rkdasgupta,0.741875095016561
0,0.23183832898973633,DamianHinds,0.7681616710102637
0,0.2773197748287789,RRobinsonLD,0.7226802251712211
0,0.045615200641448195,timloughton,0.9543847993585518
0,0.4097984365839469,lesliecgroves,0.5902015634160531
0,0.11917955367665722,GregKnight,0.8808204463233428
0,0.0821967796718257,JakeyLambert,0.9178032203281743
0,0.1633463120075288,GreenPPCRon,0.8366536879924712
0,0.3713312051064497,DeidreBrock,0.6286687948935503
0,0.6383557007019682,lornagreens,0.3616442992980317
0,0.5212858620669583,Mandytelford,0.4787141379330418
0,0.2771615641199009,KateOsamor,0.7228384358800991
0,0.3944073671640548,ERGreens,0.6055926328359452
0,0.26260435379091596,GoltonStewart,0.737395646209084
0,0.23932351713219557,AlecShelbrooke,0.7606764828678044
0,0.09712730777930667,DHallMatthews,0.9028726922206933
0,0.14332367073826635,MattHartley100,0.8566763292617336
0,0.5569106335044723,enfield_greens,0.44308936649552766
0,0.05777944565405446,lbpreston,0.9422205543459455
0,0.24468271050013646,votejonathan,0.7553172894998635
0,0.10663495170976456,CLaidlaw,0.8933650482902354
0,0.7992255135883486,SwaleGreens,0.20077448641165144
0,0.06689193952708394,Helen_Whately,0.9331080604729161
0,0.9056600630461614,SeemaMalhotra1,0.0943399369538386
0,0.4918575591792027,JackLopresti,0.5081424408207973
0,0.15924234025673145,FaBSCLP,0.8407576597432685
0,0.15924234025673145,GreenPartyFOD,0.8407576597432685
0,0.07686101306994753,Mark_J_Harper,0.9231389869300525
0,0.4977320746917471,markdurkan,0.5022679253082529
0,0.03328066007770569,VickyPearsonGP,0.9667193399222943
0,0.3502622357829024,Vernon_Coaker,0.6497377642170976
0,0.15262131772186127,mgshanks,0.8473786822781387
0,0.22366786435200725,bellrebeccabell,0.7763321356479927
0,0.06345336091997567,Baz_k,0.9365466390800243
0,0.10748858363822,AnitadayA,0.89251141636178
0,0.40735530122832553,cs_adams,0.5926446987716745
0,0.18854535301253306,AnimalsCount,0.8114546469874669
0,0.43035781068481394,HenleyStatic,0.5696421893151861
0,0.12529645298810077,GreenJamesRob,0.8747035470118992
0,0.4679193392807499,Jamesdbaker1,0.5320806607192501
0,0.19769507538187803,rsbate,0.802304924618122
0,0.04057953348115395,hammersmithandy,0.959420466518846
0,0.03704671487683364,kirstyrallan,0.9629532851231664
0,0.22557871235588656,ClaireLLeyland,0.7744212876441134
0,0.5574353927867423,PhilWaiteHw,0.44256460721325774
0,0.21164617486729942,HerefordLabour,0.7883538251327006
0,0.08213624859046365,LucyHurds,0.9178637514095364
0,0.025969096898713517,ChibahKatherine,0.9740309031012865
0,0.3551712162042696,PriskMark,0.6448287837957304
0,0.19983283218083658,FionaHallEU,0.8001671678191634
0,0.08727524892028604,StephenCrosher,0.912724751079714
0,0.7381107735024081,Keir_Starmer,0.26188922649759194
0,0.07897471277296231,KristyAdamsBlue,0.9210252872270377
0,0.1234908952520688,pbullenUKIP,0.8765091047479312
0,0.15258364471412844,RichBJC,0.8474163552858716
0,0.07565770287928342,mgrobb,0.9243422971207166
0,0.09988600157924654,NBelfitt,0.9001139984207535
0,0.15924234025673145,VixL,0.8407576597432685
0,0.4351637997676987,jeremycorbyn,0.5648362002323013
0,0.13195408535406816,MrKeithFraser,0.8680459146459318
0,0.5454896102883261,jarrowstevemp,0.4545103897116739
0,0.024844856251253766,CarlCashman,0.9751551437487462
0,0.4655859678143799,PatCatney,0.5344140321856201
0,0.3987436367645638,J_Donaldson_MP,0.6012563632354362
0,0.1361949549273106,Andrew_Hilland,0.8638050450726894
0,0.07466305341286439,MrMatt_Robinson,0.9253369465871356
0,0.42609824405725594,yorksgreenmarti,0.5739017559427441
0,0.9259895476010364,RKilpatrickMCR,0.07401045239896363
0,0.7107952615333177,benjaminsims,0.28920473846668227
0,0.33463555655560007,rob_pass_green,0.6653644434443999
0,0.06480770618391607,joancoombes,0.9351922938160839
0,0.17689384757159288,NickyMorgan01,0.8231061524284071
0,0.1243970324334639,CllrRFM,0.8756029675665361
0,0.07867955855483477,theresa_may,0.9213204414451652
0,0.3240243032640129,Greens_JessMayo,0.6759756967359871
0,0.450090861995348,mcneil_tom,0.549909138004652
0,0.030479482725113916,lm_french,0.9695205172748861
0,0.21800529906030697,ambervgreens,0.781994700939693
0,0.03973699518319551,Mountainin2015,0.9602630048168045
0,0.011516751987688534,Buchanan_dup,0.9884832480123115
0,0.11342563242942638,HuddlestonNigel,0.8865743675705736
0,0.4737565642020768,clmathys,0.5262434357979232
0,0.19130394855856692,DoddsJane,0.8086960514414331
0,0.026464992657404318,Douglas4Moray,0.9735350073425957
0,0.7928923388512932,cott_nick,0.2071076611487068
0,0.5618893544469696,CllrGaston,0.4381106455530304
0,0.05138247897865689,PGibsonSNP,0.9486175210213431
0,0.589430350654907,scottmann4NC,0.410569649345093
0,0.39644003762083757,markcann,0.6035599623791624
0,0.542911230140551,PeterNorthDevon,0.45708876985944896
0,0.14718793622412873,greenknight49,0.8528120637758713
0,0.08670267728408998,juliman66,0.91329732271591
0,0.09432647412577433,NESGreenParty,0.9056735258742257
0,0.10906025492033355,jeanie4northhfd,0.8909397450796664
0,0.3174734374197865,graeme_currie1,0.6825265625802135
0,0.24312696956395086,Sandmartyn,0.7568730304360491
0,0.20901058253351368,craig4nwarks,0.7909894174664863
0,0.1850228185000653,AndyFitchet,0.8149771814999347
0,0.059238958256821794,BrianMathew4NW,0.9407610417431782
0,0.5711546231747805,Sally_Keeble,0.4288453768252195
0,0.9089976814025925,robina4labour17,0.09100231859740744
0,0.35186909471032335,jhalcrojohnston,0.6481309052896767
0,0.15924234025673145,alexfeakes,0.8407576597432685
0,0.38450923333137743,cllrbartington,0.6154907666686226
0,0.054425128511291776,DrKirstenJ,0.9455748714887082
0,0.42365425718320604,disruptordavies,0.576345742816794
0,0.24155721172591182,Lola__McEvoy,0.7584427882740882
0,0.05746185532612169,RoryStewartUK,0.9425381446738783
0,0.040163694874816636,FlickD,0.9598363051251834
0,0.32045602117017447,SCrabbPembs,0.6795439788298255
0,0.20150640067072667,StuartAndrew,0.7984935993292733
0,0.17769170941201473,JustineGreening,0.8223082905879853
0,0.3801439891175581,cgallppc,0.6198560108824419
0,0.10966871855110882,susanjuned,0.8903312814488912
0,0.6589691556916155,KellyTolhurst,0.34103084430838454
0,0.3765022874791636,carolinenokes,0.6234977125208364
0,0.20586873628933533,IanBlackfordMP,0.7941312637106647
0,0.02497891000375152,alysonbarnes17,0.9750210899962485
0,0.1904606936713491,JakeBerry,0.8095393063286509
0,0.15924234025673145,MarkPawsey,0.8407576597432685
0,0.15350953292915603,SWLabour,0.846490467070844
0,0.07139812488504371,nadams,0.9286018751149563
0,0.057896773792036615,drcarolinej,0.9421032262079634
0,0.7023994503272393,RossDPepper,0.2976005496727608
0,0.04027136400789888,GreenSomFrome,0.9597286359921011
0,0.44973478843037407,reetenbanerji,0.5502652115696259
0,0.1061569164834717,ChrisHazzardSF,0.8938430835165283
0,0.09917549291832195,juliacambridge1,0.900824507081678
0,0.0073493377657832815,AlbertoCostaMP,0.9926506622342167
0,0.23476673068303844,jc4southsuffolk,0.7652332693169616
0,0.26786723357062403,DavidGauke,0.732132766429376
0,0.5184056728596627,Jeremy_Hunt,0.48159432714033734
0,0.29553412184320815,trevorcarbin,0.7044658781567918
0,0.09568102619887331,ThomasGravatt,0.9043189738011267
0,0.15924234025673145,_domellis,0.8407576597432685
0,0.3748905574845792,SpelthorneLabPy,0.6251094425154208
0,0.9102892172240641,DerekThomasUK,0.08971078277593596
0,0.22785328977402153,ctinker2,0.7721467102259785
0,0.3585642293217004,chriswkane,0.6414357706782996
0,0.04396132577927292,anncoffey_mp,0.9560386742207271
0,0.021143995431498364,StockportGreens,0.9788560045685016
0,0.3315445138888322,DanielJellyman,0.6684554861111678
0,0.7572706020510412,DougRouxel,0.24272939794895879
0,0.03857430332166656,JimShannonMP,0.9614256966783334
0,0.21448559079896923,DavidEDrew,0.7855144092010308
0,0.26500255836324993,james4suffolk,0.7349974416367501
0,0.3406086747222269,JulieElliottMP,0.6593913252777731
0,0.4894879114400309,AnnMarie4SHeath,0.5105120885599691
0,0.12975888714619543,scullyp,0.8702411128538046
0,0.1441985190585634,SwanseaGP,0.8558014809414366
0,0.2786882024367481,Andrew4Tamworth,0.7213117975632519
0,0.5285410942053743,pow_rebecca,0.4714589057946257
0,0.007618257308946719,lucyallan,0.9923817426910533
0,0.04763242801058731,TheJohnKent,0.9523675719894127
0,0.2037150215533433,AlexGlassbrook,0.7962849784466567
0,0.3282442281560285,JacqiHodgson,0.6717557718439715
0,0.02661420494624167,JamesDavies,0.9733857950537583
0,0.1977803825022092,EddieHughes4WN,0.8022196174977908
0,0.7427122668969839,IanLaveryMP,0.25728773310301617
0,0.3874392678083457,spellar,0.6125607321916543
0,0.11422029561590841,Richard4Watford,0.8857797043840916
0,0.1506257013962724,peter_aldous,0.8493742986037276
0,0.370263878525635,chris_nelson,0.629736121474365
0,0.2812857575885894,grantshapps,0.7187142424114106
0,0.8656039836136133,StarAnderton,0.13439601638638665
0,0.5668215804232518,rosie4westlancs,0.4331784195767482
0,0.5416123745762143,James4WandL,0.4583876254237858
0,0.31055674479946227,S_Hammond,0.6894432552005377
0,0.08083063066301177,ImranUddin2003,0.9191693693369882
0,0.010870150770791565,MGreenwoodWW,0.9891298492292084
0,0.07312088865031519,laetisiacarter,0.9268791113496848
0,0.0923539532036598,patmcfaddenmp,0.9076460467963402
0,0.2572951465329283,LouisStephen,0.7427048534670717
0,0.3823581504068564,SueHayman1,0.6176418495931436
0,0.7376366656200204,carolineUKIP,0.2623633343799796
0,0.2940224347980419,callumjodwyer,0.7059775652019581
0,0.4385314992706951,RossThomson_MP,0.5614685007293049
0,0.12352841947150772,Campbell4Angus,0.8764715805284923
0,0.1235172199389466,CliveSneddon,0.8764827800610534
0,0.24194146669345407,GreenMandyRossi,0.7580585333065459
0,0.09244254650858874,AndyHR_Green,0.9075574534914113
0,0.23378106610689975,CMochan,0.7662189338931003
0,0.03345033741469561,VictoriaPrentis,0.9665496625853044
0,0.05429929831540514,Steph_Peacock,0.9457007016845949
0,0.08559946064893764,LoraineBirchall,0.9144005393510624
0,0.037247492710340224,benhowlettuk,0.9627525072896598
0,0.2899738258188811,DrDickyD,0.7100261741811189
0,0.7809752502763609,NigelDoddsDUP,0.21902474972363906
0,0.12992853735760734,SorchaEastwood,0.8700714626423927
0,0.13275555609392253,rushanaraali,0.8672444439060775
0,0.2952033677564986,Geoffbastin,0.7047966322435014
0,0.7256649661039132,DavidEvennett,0.27433503389608677
0,0.3624593481859133,mike32811,0.6375406518140867
0,0.08487311097529204,RogerGodsiff,0.915126889024708
0,0.9379508655740028,khalid4PB,0.06204913442599723
0,0.5285426208053642,Bobrjeastwood,0.4714573791946358
0,0.32781001084189887,leagravell,0.6721899891581011
0,0.11583424616297044,patrickloweukip,0.8841657538370296
0,0.2183968420002358,BoltonGreens,0.7816031579997642
0,0.031782035626212624,CGreenUK,0.9682179643737874
0,0.32492798801754075,paul_r_kenny,0.6750720119824593
0,0.0951833845210941,_ChrisKealey,0.9048166154789059
0,0.04479072879702506,DrPhillipLeeMP,0.9552092712029749
0,0.9274783538039277,PatrickSmithLD,0.07252164619607222
0,0.2823793283417856,BtreeWithamLibs,0.7176206716582144
0,0.2750571177005722,MarcusKravis,0.7249428822994278
0,0.6269711407611063,circusofhorrors,0.3730288592388938
0,0.2795474525674758,EmilyTesterLD,0.7204525474325242
0,0.5486354402243417,NickPavilion15,0.45136455977565826
0,0.09722163704782472,theodoraclarke,0.9027783629521753
0,0.11637158937160896,KerryMP,0.883628410628391
0,0.16996734366786226,SpozPoet,0.8300326563321377
0,0.014999637697182933,Greg4Broxtowe,0.9850003623028171
0,0.01837636870578996,Anna_Soubry,0.98162363129421
0,0.46359077102667245,richardbaum,0.5364092289733275
0,0.6999187140228198,Invernessbelle,0.30008128597718015
0,0.009535102035129639,ellanOrnell,0.9904648979648704
0,0.07197955725972016,StuartTuckwood,0.9280204427402798
0,0.25792255371550654,annamcmorrin,0.7420774462844935
0,0.34806523778261955,MichaelDeemPC,0.6519347622173804
0,0.20289982189058753,davidkurten,0.7971001781094125
0,0.20286710578841716,GrenvilleHam,0.7971328942115828
0,0.032905244281051016,Tomh1992,0.967094755718949
0,0.363049172796448,NigelCarterUKIP,0.636950827203552
0,0.04888531300725363,CherylGillan,0.9511146869927464
0,0.12654480191178719,SpencerPitfield,0.8734551980882128
0,0.13783128439474646,ChesterfieldLD,0.8621687156052535
0,0.03536034458032411,HelenCBelcher,0.9646396554196759
0,0.8926112768724588,Patsindorset,0.10738872312754116
0,0.2132737851049301,MarkFieldUK,0.7867262148950699
0,0.20966936108462497,lfmcnally,0.790330638915375
0,0.24036966339445143,Jonathan_Elmer,0.7596303366055486
0,0.10862768864140915,PaulJamesOakley,0.8913723113585909
0,0.20272212212098206,chrisjsuk,0.7972778778790179
0,0.10429046495685457,MrPeterKeith,0.8957095350431454
0,0.59857557867865,MartinVickers,0.40142442132135003
0,0.0464129031262841,susanelanjones,0.9535870968737159
0,0.15924234025673145,CopelandTories,0.8407576597432685
0,0.1640054318281705,Corbychris,0.8359945681718295
0,0.4705508171915337,GreenMatHandley,0.5294491828084663
0,0.08705214512226789,jimforcovsouth,0.9129478548777321
0,0.21751453264384446,Tim4Crawley,0.7824854673561555
0,0.14853816583982127,GavinBarwell,0.8514618341601787
0,0.06844902671049036,GhillyFlower,0.9315509732895096
0,0.38202788602011617,CroydonLibDems,0.6179721139798838
0,0.057828062990283646,JennyChapman,0.9421719370097164
0,0.5038990211966532,pmcuthbertson,0.49610097880334686
0,0.2512683137422056,Simon_Beard,0.7487316862577944
0,0.09532609742586473,AndyHollyer,0.9046739025741353
0,0.1724715125468238,helenhayes_,0.8275284874531762
0,0.010870150770791565,ArklessRichard,0.9891298492292084
0,0.17445549844600727,norman_mathew,0.8255445015539927
0,0.020610505314211935,meenahansgreen,0.9793894946857881
0,0.15924234025673145,PeterMcilvenna,0.8407576597432685
0,0.875255800638796,NigelBakhai,0.12474419936120397
0,0.16083029439631535,stephenctimms,0.8391697056036846
0,0.08095013208005741,kirstenoswald,0.9190498679199426
0,0.045690705401224774,SandyBatho,0.9543092945987752
0,0.15924234025673145,NigelSussman4MP,0.8407576597432685
0,0.19571119318825525,BambosMP,0.8042888068117447
0,0.47244458183462057,ee_labour,0.5275554181653794
0,0.03888798787487535,JoeJLevy,0.9611120121251246
0,0.5564213448044524,martinwhybrow,0.44357865519554757
0,0.10124427535654013,Gary_Middleton,0.8987557246434599
0,0.6594927238750945,sullivan_jed,0.34050727612490556
0,0.029236434231214026,EdwardLeighMP,0.970763565768786
0,0.3767456002231515,Abbott4Gedling,0.6232543997768485
0,0.33656492504767155,lottifairbanks,0.6634350749523285
0,0.07443230152137204,Katewatson67,0.925567698478628
0,0.12692936608011984,ewanhoyle,0.8730706339198802
0,0.3281837310382002,PollokLabour,0.6718162689617998
0,0.4325059599096245,cj_dinenage,0.5674940400903755
0,0.2156205355398445,MandyGarford,0.7843794644601555
0,0.4011046857379156,JamesWillisLD,0.5988953142620844
0,0.29604527504175526,AnneMilton,0.7039547249582447
0,0.16096682103806015,alastairis,0.8390331789619399
0,0.47737433757028036,GreenRebJohnson,0.5226256624297196
0,0.03269639717967787,luke_r_parker,0.9673036028203221
0,0.039268055148661496,HackneyTogether,0.9607319448513385
0,0.03067482882168493,DavidDavisMP,0.9693251711783151
0,0.9630421546976374,DerekTwiggMP,0.03695784530236257
0,0.23409636577199622,MarkJSewards,0.7659036342280038
0,0.4025160862809617,NavinShah2016,0.5974839137190383
0,0.7454275967652597,GarethThomasMP,0.25457240323474023
0,0.06932446446024276,Phil_Broughton,0.9306755355397572
0,0.06397199736861992,MikeHillMP,0.9360280026313801
0,0.07335963010416702,CllrCarlJackson,0.926640369895833
0,0.9758166164415155,domcgraham,0.024183383558484532
0,0.17047988971171113,AmberRuddHR,0.8295201102882889
0,0.579936775427145,paulgraylocal,0.420063224572855
0,0.25867018213250403,AlanMakMP,0.741329817867496
0,0.6621085056854842,billnewtondunn,0.3378914943145158
0,0.09920045774822839,SallySymington,0.9007995422517716
0,0.36473314042119187,MartinYFx2016x,0.6352668595788081
0,0.358065022558841,Offord4Hendon,0.641934977441159
0,0.8209615538802462,timscottuk,0.17903844611975378
0,0.02647618536318941,LizMcInnes_MP,0.9735238146368106
0,0.9110406885313111,RichardCano2,0.0889593114686889
0,0.041301463985466746,jh66111,0.9586985360145333
0,0.02241376061525957,Dawn_Barnes,0.9775862393847404
0,0.05683709368443601,martinmccluskey,0.943162906315564
0,0.2452024401130113,DonaldBoyd7,0.7547975598869887
0,0.6754619808621427,RRitchieC,0.3245380191378573
0,0.01961026143387734,IoWBobSeely,0.9803897385661227
0,0.18415520540481523,davidherbertst,0.8158447945951848
0,0.05207218254541779,emmadentcoad,0.9479278174545822
0,0.30620335380298935,KetteringGreens,0.6937966461970106
0,0.5858808648694729,Elsiethered,0.41411913513052706
0,0.08738913390538361,CSkidmoreUK,0.9126108660946164
0,0.11563545691583965,LesleyLaird,0.8843645430841603
0,0.7417769859978136,KnowsleyGreens,0.2582230140021864
0,0.8402788313235521,NeilMiney,0.15972116867644795
0,0.9677518622379042,hilarybennmp,0.03224813776209573
0,0.04482332647763265,JonAshworth,0.9551766735223673
0,0.06492704904867064,Jack2Hickey,0.9350729509513294
0,0.02418944972818704,leicesterliz,0.975810550271813
0,0.2781346577739292,PeterTFortune,0.7218653422260708
0,0.7776387513677523,elliereeves,0.2223612486322477
0,0.35627863907749735,MusicmanTOURS,0.6437213609225027
0,0.34105801969098026,DavidRutley,0.6589419803090197
0,0.0828472114097838,PirateBlackburn,0.9171527885902162
0,0.18431814590676066,johnbridges51,0.8156818540932393
0,0.05198328973302713,kemiabidogun,0.9480167102669729
0,0.3339313363384597,phileckersley,0.6660686636615403
0,0.028040292632523722,Afzal4Gorton,0.9719597073674763
0,0.9093841643710314,AmyKitcher,0.09061583562896863
0,0.18063597141907362,Fionna_T_,0.8193640285809264
0,0.038161021070805545,_MarkGlasgow,0.9618389789291945
0,0.1610791917923653,fredgrindrod,0.8389208082076347
0,0.11190058802579417,rowlem,0.8880994119742058
0,0.11715331076932489,CharlynnePullen,0.8828466892306751
0,0.29473976681996705,grahamfindlay,0.705260233180033
0,0.3698051321977528,DavidTCDavies,0.6301948678022472
0,0.05429970538456608,angela_feeney,0.9457002946154339
0,0.15924234025673145,abmacneilsnp,0.8407576597432685
0,0.044307841349812804,Chantal4Labour,0.9556921586501872
0,0.061755859431594784,RichardBenyonMP,0.9382441405684052
0,0.06072893715177019,AlexSkirvinLAB,0.9392710628482298
0,0.7928923388512932,NewcastleEastLD,0.2071076611487068
0,0.1336635162965787,DuncanCCrute,0.8663364837034213
0,0.1628468701791549,Marie4NA,0.8371531298208451
0,0.07697167971104113,james_labour,0.9230283202889589
0,0.11239936841660703,Simon4NDorset,0.887600631583393
0,0.1978382655587836,cmartinLD,0.8021617344412164
0,0.40377097160750275,WeLikeMike,0.5962290283924973
0,0.24399539214115318,NEHantsGreens,0.7560046078588468
0,0.08910319606642358,sasharosenorris,0.9108968039335764
0,0.0880349727742733,tomssthornhill,0.9119650272257267
0,0.01793022128498234,dempsey4labour,0.9820697787150177
0,0.2937389458184685,rehalfrances,0.7062610541815315
0,0.08559946064893764,GlindonMary,0.9144005393510624
0,0.17287136375283607,OwenTemple2,0.8271286362471639
0,0.673164616811581,ddothill,0.326835383188419
0,0.9187614836751316,rm113,0.08123851632486846
0,0.15924234025673145,JGray,0.8407576597432685
0,0.05761929076517991,Michael_Ellis1,0.9423807092348201
0,0.24462275229172026,GeorgeSmid,0.7553772477082797
0,0.14190719543422337,NorwichChloe,0.8580928045657766
0,0.023904158556331323,LanaHempsall,0.9760958414436687
0,0.16046617819363906,KirstyJonesNGP,0.8395338218063609
0,0.14328133373024032,ANorrisMP,0.8567186662697597
0,0.3808150162592172,Marcus4Nuneaton,0.6191849837407828
0,0.8816867010616714,JBrokenshire,0.11831329893832865
0,0.16178014790545425,nicolablackwood,0.8382198520945457
0,0.1844288112276996,angelasmithmp,0.8155711887723004
0,0.6513848565034597,dougilawson,0.3486151434965404
0,0.41850911400153645,CllrPeterBarret,0.5814908859984635
0,0.42995884051235655,FflurElin,0.5700411594876434
0,0.05738918403334847,bobkilmister,0.9426108159666515
0,0.12874281069051796,Philippa4Pembs,0.871257189309482
0,0.2719672596475067,MpHendrick,0.7280327403524933
0,0.428020276180726,MercerRyanJ,0.571979723819274
0,0.1577968284855925,AllanKnox4RV,0.8422031715144075
0,0.07449009297929221,ZacGoldsmith,0.9255099070207078
0,0.4638743986417273,Peter4MP,0.5361256013582727
0,0.3835923340687821,KevinBarronMP,0.6164076659312179
0,0.7425017695907516,claire4rugby,0.2574982304092483
0,0.101451701983727,chrisclarkcpfc,0.898548298016273
0,0.3570061854053652,JackPCarrington,0.6429938145946348
0,0.15571619570638107,ClapcoteS,0.8442838042936189
0,0.41116158493924326,daniel4shrews,0.5888384150607567
0,0.16083029439631535,MicalmusRolfe,0.8391697056036846
0,0.8328770270883028,Mad_Mike_Young,0.1671229729116972
0,0.1498337766324267,lincsgreenparty,0.8501662233675733
0,0.5893095324070834,VoteGreenHarman,0.41069046759291666
0,0.4153327973878096,simonsaggers,0.5846672026121904
0,0.5682080631277727,MartenKats,0.4317919368722273
0,0.30773296360105873,LNethsingha,0.6922670363989413
0,0.11401963777389201,chrisj_brown,0.885980362226108
0,0.16231181742177203,AndrewAAD,0.837688182578228
0,0.1151147697446876,pdehoest,0.8848852302553124
0,0.9035858129685178,trussliz,0.09641418703148219
0,0.7398320643731593,libdemdaisy,0.2601679356268407
0,0.08559946064893764,JackEEaston,0.9144005393510624
0,0.863449612748973,jacksonngUK,0.13655038725102692
0,0.017364368055144852,JessNorthey,0.9826356319448551
0,0.074012663003442,BoudicaM,0.925987336996558
0,0.30600799289884273,ACunninghamMP,0.6939920071011573
0,0.4772766066116414,DaveTheBrief,0.5227233933883586
0,0.10976280862053944,PaulWilliamsMP,0.8902371913794606
0,0.2561833288652713,Andi_Mohr,0.7438166711347287
0,0.024468998316913737,ClaireHiscott,0.9755310016830863
0,0.23823050060410356,SLunnon1,0.7617694993958964
0,0.04516321804025103,theresecoffey,0.954836781959749
0,0.5225270542657996,RobPocock1,0.4774729457342004
0,0.15924234025673145,greenclairejp,0.8407576597432685
0,0.08201650749984013,DansBoucher,0.9179834925001599
0,0.6594430528906913,MikeEOCarroll,0.3405569471093087
0,0.4392262936330581,SamJRushworth,0.5607737063669419
0,0.16796182943443905,TauntonGreens,0.832038170565561
0,0.3892049355996374,BrianMead4MP,0.6107950644003626
0,0.17461476671598275,DrRosena,0.8253852332840173
0,0.23670775156092294,DanWatkins,0.7632922484390771
0,0.010870150770791565,NickTorfaenMP,0.9891298492292084
0,0.051918078895386355,SNewtonUK,0.9480819211046136
0,0.09532609742586473,tbisdee,0.9046739025741353
0,0.35843761662413565,CllrNickVarley,0.6415623833758644
0,0.3656144371211669,ThyPirateDave,0.6343855628788331
0,0.19314185942059126,GreenPartyAJ,0.8068581405794087
0,0.024130880893244888,AnthonyMangnal1,0.9758691191067551
0,0.042038586501414565,FaisalRashid6,0.9579614134985854
0,0.32135855044131056,GrahamEvans,0.6786414495586894
0,0.024768465076616453,PeterBoneUK,0.9752315349233835
0,0.5906768455221783,wellsmp,0.4093231544778218
0,0.23459463240509826,JohnHealey_MP,0.7654053675949017
0,0.17302152837345242,FloClucas,0.8269784716265476
0,0.02718569235229973,AlexWilliams175,0.9728143076477003
0,0.16725115498802645,JoHayesLibDem,0.8327488450119735
0,0.12243508294720862,amybertaut,0.8775649170527914
0,0.056702751702053744,ClarkVasey,0.9432972482979463
0,0.18918874671208608,hazel_thorpe,0.8108112532879139
0,0.44063051441766954,stevekguy,0.5593694855823305
0,0.19174195525206794,BWallaceMP,0.8082580447479321
0,0.010870150770791565,jamesblanchard,0.9891298492292084
0,0.17160459933905692,bennison_andrew,0.8283954006609431
0,0.2672370227234253,GutoAberconwy,0.7327629772765747
0,0.2980897977650433,NHA_Banbury,0.7019102022349567
0,0.21622403278586877,_Chris_Coghlan,0.7837759672141312
0,0.05709262248629432,LoisDavisGreen,0.9429073775137057
0,0.033392408371850424,JaneEllison,0.9666075916281496
0,0.033989538343888515,_jamesenglish,0.9660104616561115
0,0.017052198952676623,BedfordVann,0.9829478010473234
0,0.14188696968139414,ClareBaileyGPNI,0.8581130303186059
0,0.21425718395144244,coyleneil,0.7857428160485576
0,0.06433847703375728,Bayliss4BB,0.9356615229662427
0,0.34324781653859626,sweetjayne,0.6567521834614037
0,0.2524647281734186,SquireCaroline,0.7475352718265814
0,0.32143950976229985,JackDromeyMP,0.6785604902377002
0,0.04390622728957272,KefentseDennis,0.9560937727104273
0,0.37916629957357406,HelenGoodmanMP,0.6208337004264259
0,0.28216977288661294,mozdog94,0.7178302271133871
0,0.015809953883245575,PaulWhiteB43,0.9841900461167544
0,0.6316187471005086,peterfor2017,0.36838125289949136
0,0.20218770133720976,Tom_Smith26,0.7978122986627902
0,0.9125318856104087,LizTwistMP,0.08746811438959132
0,0.08899028129236464,DawnFurness,0.9110097187076354
0,0.13007212303797977,RossShippy,0.8699278769620202
0,0.2340727575907099,DavidCrausby,0.7659272424092901
0,0.7676846945629204,Peter_Dowd,0.23231530543707957
0,0.2593169711320502,green_vp,0.7406830288679498
0,0.18420627413914237,LeicsGreenParty,0.8157937258608576
0,0.6003231775237197,miketmullaney,0.39967682247628034
0,0.26179151867104955,NazShahBfd,0.7382084813289504
0,0.07151243910664551,JamesGibsonWatt,0.9284875608933545
0,0.21189977890493406,BarryGardiner,0.788100221095066
0,0.1259271635958279,JosephBourke,0.8740728364041721
0,0.012769187817739391,annabeltall,0.9872308121822606
0,0.07794548065370199,IainSimpson,0.922054519346298
0,0.1724715125468238,sarakhyde,0.8275284874531762
0,0.29579096006994454,Emmett_Jenner,0.7042090399300555
0,0.14013736942784405,sajidjavid,0.859862630572156
0,0.14483443292006848,Tim_Hallam,0.8551655670799315
0,0.2003228840114617,CllrPaulWhite,0.7996771159885383
0,0.1258587165609315,DominicHardwick,0.8741412834390685
0,0.032791275564476585,BuryNorthLabour,0.9672087244355234
0,0.17524412387703403,LiamByrne4MP,0.824755876122966
0,0.11273118977763008,amandamilling,0.8872688102223699
0,0.1325760890000155,HenryStantonGP,0.8674239109999845
0,0.0701269304195028,bsmithgreens,0.9298730695804972
0,0.20584620355687733,Fiona__Mills,0.7941537964431227
0,0.1981256681343312,TurkRocker,0.8018743318656688
0,0.38932476387267934,Simonhartmp,0.6106752361273207
0,0.7736980013173971,thomasbrake,0.22630199868260295
0,0.2570264670789747,Mrploemic,0.7429735329210253
0,0.5591667297658285,tomholder,0.4408332702341715
0,0.4833319902375517,AidanVdeW,0.5166680097624483
0,0.016580048912810175,Ruth_R_Davis,0.9834199510871898
0,0.02101542935140499,AlanDeAth1,0.978984570648595
0,0.13264646110119938,green4chilterns,0.8673535388988006
0,0.06250543897160876,_CJR_,0.9374945610283912
0,0.5148875422433441,elizabethjewkes,0.4851124577566559
0,0.09189768300082757,Tasha4Clacton,0.9081023169991724
0,0.07836469347010189,RobinTilbrook,0.9216353065298981
0,0.03440533012246039,GilesWatling,0.9655946698775396
0,0.2293141600233316,DrHirst4Congltn,0.7706858399766684
0,0.8721531100491278,stevescrutton,0.1278468899508723
0,0.15316334321382408,Geoffrey4CovNW,0.8468366567861759
0,0.2688694249580392,CPhilpOfficial,0.7311305750419608
0,0.04186586449434815,JonCruddas_1,0.9581341355056519
0,0.15924234025673145,paul_rowlinson,0.8407576597432685
0,0.10002703516896372,Patrick4Dales,0.8999729648310363
0,0.031268400106414074,PrescottBeth,0.9687315998935859
0,0.014999637697182933,CarolineFlintMP,0.9850003623028171
0,0.11778575875469166,CharlieElphicke,0.8822142412453083
0,0.12018996230060819,libdemgail,0.8798100376993918
0,0.5112492159984481,RashidNix,0.488750784001552
0,0.4230377231390495,LSRPlaid,0.5769622768609505
0,0.34402956570775645,a_margaretanne,0.6559704342922436
0,0.9621550027390665,OliverMcMullan,0.03784499726093344
0,0.07563936527475357,JohnStewart1983,0.9243606347252464
0,0.11309438016284723,eastantrimmp,0.8869056198371528
0,0.4062691581737221,Callum4EastDun,0.5937308418262779
0,0.10966752511873001,RichardJHolmes,0.89033247488127
0,0.22523017927417077,DermotNicholl,0.7747698207258292
0,0.028168394934524277,OliHenman,0.9718316050654757
0,0.5631862635494305,Mike4Eastleigh,0.4368137364505696
0,0.237307495682182,ToniGiugliano,0.762692504317818
0,0.5407677486841622,DavidBurrowesUK,0.4592322513158377
0,0.8237998137040785,PippaMorganLD,0.1762001862959215
0,0.463329037650017,eleanor4epping,0.536670962349983
0,0.3698356234524727,EpsomEwellFocus,0.6301643765475273
0,0.14882272278925224,CllrAndrewDavis,0.8511772772107478
0,0.45562672829950523,dezairedale,0.5443732717004948
0,0.12567057849787933,mtkg25,0.8743294215021207
0,0.07332451354489966,EvaLilyFielding,0.9266754864551003
0,0.2644016493172351,AdeleWard,0.7355983506827649
0,0.7721925702951928,meaglemp,0.22780742970480716
0,0.5842417395842567,IanMearnsMP,0.4157582604157432
0,0.01737332338005304,medwaypaul,0.982626676619947
0,0.07614249030492792,Rehman_Chishti,0.9238575096950721
0,0.5731191247757382,clivebassman,0.42688087522426177
0,0.059380149824555306,ChrisJLLand,0.9406198501754447
0,0.12559582788744317,Taylor_Muir54,0.8744041721125568
0,0.1739798456648508,Colin_J_Clark,0.8260201543351492
0,0.10610675554283944,kirstenRoseMuat,0.8938932444571606
0,0.35126299640263103,NickBoles,0.648737003597369
0,0.2149929638786352,CarolineAttfiel,0.7850070361213648
0,0.008322120122513876,mtpennycook,0.9916778798774861
0,0.07595351016114926,Zuffar_Haq,0.9240464898388507
0,0.08736941547238697,AJonesMP,0.912630584527613
0,0.04538690740871454,HazelGrove_Lab,0.9546130925912855
0,0.03949851460942522,Lisa_Smart,0.9605014853905748
0,0.09532609742586473,CarmenLegarda,0.9046739025741353
0,0.04107172068294895,southoxongreens,0.958928279317051
0,0.7888787142187141,Jesse_Norman,0.2111212857812859
0,0.281558204607669,barber_sophie,0.718441795392331
0,0.14185646317814127,GuyOpperman,0.8581435368218587
0,0.9714416806306132,RuthGeorge6,0.028558319369386753
0,0.8280711272252506,SidCordle,0.1719288727747495
0,0.5119940751286993,CampaignTim,0.4880059248713006
0,0.08118558676360532,petercatonbooks,0.9188144132363947
0,0.3357722126248307,CllrRockyGill,0.6642277873751693
0,0.2708948481180117,greensamhall,0.7291051518819883
0,0.034312084689697375,QcattQ,0.9656879153103026
0,0.09494982129561813,carriehyndsLD,0.9050501787043819
0,0.02718569235229973,peterkyle,0.9728143076477003
0,0.8224782321669695,rodcantrill,0.17752176783303056
0,0.15924234025673145,huntsgreentom,0.8407576597432685
0,0.2643328973537774,LibDemKeith,0.7356671026462226
0,0.06319733017469209,_JamesTClark,0.9368026698253079
0,0.19949190016254803,AlainDesmier,0.800508099837452
0,0.40239058473140743,UkipPete,0.5976094152685926
0,0.08396709543353276,mkidnerLD,0.9160329045664672
0,0.21900975321055072,Laura4KandL,0.7809902467894493
0,0.2551801526984103,MartinJDeane,0.7448198473015897
0,0.12656228019290794,cllrmikeross,0.8734377198070921
0,0.15280072607247275,AaronMcIntyre_,0.8471992739275273
0,0.26003240838089403,JonnyOrr,0.739967591619106
0,0.41265701846613567,edleeds,0.5873429815338643
0,0.2139506913937399,palfreman,0.7860493086062601
0,0.07987505491947766,RichardBurgon,0.9201249450805223
0,0.38923812342965536,EbikeJaimes,0.6107618765703446
0,0.3099358515739462,mariacaulfield,0.6900641484260538
0,0.6627323750843007,Laura__Farris,0.3372676249156993
0,0.16816895472777693,Laura4Walton,0.8318310452722231
0,0.21600225660209915,timson_dj,0.7839977433979008
0,0.1951811859465078,GreenPartyLboro,0.8048188140534922
0,0.21330863470258332,abidaliluton,0.7866913652974167
0,0.6103824628250822,richarddflowers,0.3896175371749178
0,0.6288672610856477,LordBuckethead,0.3711327389143523
0,0.3368326532276603,GrantSmithForMP,0.6631673467723397
0,0.11316778905033953,allen_m_simpson,0.8868322109496605
0,0.15924234025673145,JWhittingdale,0.8407576597432685
0,0.5191998717743498,KalvinChapman,0.48080012822565016
0,0.31880423537658253,jackiepearcey,0.6811957646234175
0,0.1651597772815837,sarah_heald,0.8348402227184163
0,0.8725023204929854,Annkell,0.12749767950701463
0,0.23651842861841998,Meades4MidBeds,0.76348157138158
0,0.15924234025673145,stevebrew4mp,0.8407576597432685
0,0.4955205267787578,FrancieMolloy,0.5044794732212422
0,0.19590780417623366,Siobhain_MP,0.8040921958237663
0,0.09362478971181276,GlynDavies,0.9063752102881872
0,0.6272123805858654,davidmorrisml,0.37278761941413463
0,0.7716183049102899,Matt_Severn,0.22838169508971004
0,0.24191849310142888,MorleyNeil,0.7580815068985711
0,0.3710739976644368,harrylib100,0.6289260023355632
0,0.07364940390497177,LabourNFW,0.9263505960950282
0,0.19892743679774405,PPUKDes,0.801072563202256
0,0.5365247480295225,skitchen82,0.46347525197047745
0,0.3003428642859318,natasghar,0.6996571357140682
0,0.25620149836852757,LewisThomp_93,0.7437985016314724
0,0.012701152982537156,NickHarveyND,0.9872988470174628
0,0.15834071385370252,TishGlossop,0.8416592861462975
0,0.23722395352767778,AlistairBurtUK,0.7627760464723222
0,0.23479529676658017,MandaRigbyNES,0.7652047032334198
0,0.06424410630313948,ellie_chowns,0.9357558936968605
0,0.08026429561386617,FoxOutDonDavies,0.9197357043861338
0,0.5382119258824031,NSomersetLDs,0.4617880741175969
0,0.6025094907060697,cllrbridget,0.3974905092939302
0,0.011091304432543359,LauraPidcockMP,0.9889086955674566
0,0.2919151984111146,northantsgreens,0.7080848015888854
0,0.012086260805903581,kevinmckeever,0.9879137391940964
0,0.032035924856314124,buspasselvis,0.9679640751436859
0,0.16652759808752382,ChrisLeslieMP,0.8334724019124762
0,0.26384456487729513,HollasDavid,0.7361554351227049
0,0.26691337553905636,JaneMHunt,0.7330866244609436
0,0.19659317978910051,DrRich4Nuneaton,0.8034068202108995
0,0.33767502553134165,LukeGrahamMP,0.6623249744686583
0,0.08716575600284171,IanBondLaw,0.9128342439971583
0,0.6744510547395688,MarieTidball,0.32554894526043127
0,0.22332733722772757,Alison_S_Taylor,0.7766726627722724
0,0.9962370286718678,OwenSmith_MP,0.00376297132813224
0,0.08235268120198191,d_barker,0.9176473187980181
0,0.25269922444108484,neerajpatil,0.7473007755589152
0,0.10967404854834006,livbailey,0.8903259514516599
0,0.7100153352366345,merioconnell,0.2899846647633655
0,0.43620016467595113,david4rv,0.5637998353240489
0,0.6111051002742733,andykelly,0.3888948997257267
0,0.10430888859525422,FionaDentLabour,0.8956911114047458
0,0.1063149245993098,UKIPScarWhitby,0.8936850754006902
0,0.09513682530255041,Fight4Whitby,0.9048631746974496
0,0.49190785583776186,spsallidas,0.5080921441622381
0,0.6752738973268566,CllrDanLewis,0.32472610267314334
0,0.09513115309433762,DavidBowgett,0.9048688469056624
0,0.3890149193793123,IGWalker,0.6109850806206877
0,0.8270948933585069,JoeOttenX,0.17290510664149308
0,0.2707733943975975,JulianSmithUK,0.7292266056024025
0,0.17306483400228956,julianknight15,0.8269351659977104
0,0.11538644663195918,richardhadwin,0.8846135533680408
0,0.06865161589290403,Neilkelly13,0.931348384107096
0,0.191564598907781,susanvandeven,0.808435401092219
0,0.1035556439862505,McKeeUUP,0.8964443560137495
0,0.106555824777113,Shabbir4Labour,0.893444175222887
0,0.08935026274017999,bigeyedear,0.91064973725982
0,0.3954623842512257,CLanGreens,0.6045376157487743
0,0.18803645750086861,johnw129,0.8119635424991314
0,0.19387554498390314,SouthStaffsCLP,0.8061244550160969
0,0.12197577600739573,Raushan4Labour,0.8780242239926043
0,0.7589319798639393,townsendchris,0.24106802013606066
0,0.3883940160319228,OlliePurkiss,0.6116059839680772
0,0.04169523550133425,swwiltsgreens,0.9583047644986658
0,0.35273233854804464,Royston_Smith,0.6472676614519554
0,0.0776135523710002,pauljholmes,0.9223864476289998
0,0.2858561584739491,CllrPope,0.7141438415260509
0,0.09419309430275535,EdmcRandal,0.9058069056972446
0,0.0526492150169543,SMcPartland,0.9473507849830457
0,0.06318575225919332,danielrhamilton,0.9368142477408067
0,0.31745657268155614,midroadpolitico,0.6825434273184439
0,0.16965219962052336,benpolitics,0.8303478003794766
0,0.08303177886981228,ToryPressMids,0.9169682211301877
0,0.014999637697182933,RobertFlello,0.9850003623028171
0,0.2815822811099167,nullibdems,0.7184177188900833
0,0.15924234025673145,Kelmba,0.8407576597432685
0,0.1761128446532958,StreathamGreens,0.8238871553467042
0,0.10156386692637909,CJRLawton,0.8984361330736209
0,0.15132390093178016,QuentinTatton,0.8486760990682198
0,0.527428080528219,GideonJAmos,0.47257191947178095
0,0.08608662476372475,TewkesburyGP,0.9139133752362752
0,0.032728789386695434,AndrewGant3,0.9672712106133046
0,0.8678868065161305,markhubandcots,0.1321131934838695
0,0.04009537937690666,MPritchardUK,0.9599046206230933
0,0.01633187247426937,CarolineKolek,0.9836681275257306
0,0.019283710926653264,neil_parish,0.9807162890733467
0,0.5490730028707712,VoteGreenApril,0.4509269971292288
0,0.05362779936310924,Deborah4Torbay,0.9463722006368908
0,0.1832396337948563,JayneKirkham4,0.8167603662051437
0,0.09446894006500262,GregClarkMP,0.9055310599349974
0,0.19123269987198444,RachelSadlerTW,0.8087673001280156
0,0.2413032434215674,stuart4ntmayor,0.7586967565784326
0,0.2238055469449447,DavidSimpsonDUP,0.7761944530550553
0,0.0473786266140076,markgrn4Hillgdn,0.9526213733859924
0,0.3980837709937296,VincentLoUK,0.6019162290062704
0,0.06238054598334797,RosinaRobson,0.937619454016652
0,0.01745222908977384,Pirate_Lennon,0.9825477709102262
0,0.0962405174376273,James_Bird_,0.9037594825623727
0,0.6007350752943561,Valerie_VazMP,0.3992649247056439
0,0.023665376768610358,BryanMGLibDem,0.9763346232313896
0,0.15924234025673145,BobDhillon32,0.8407576597432685
0,0.15015512208504722,WaveneyGreens,0.8498448779149528
0,0.5323285431982019,angie4wealden,0.4676714568017981
0,0.2110847331383,friarparkward,0.7889152668617
0,0.09532609742586473,R_Plenderleith,0.9046739025741353
0,0.6547062583808515,Lindsey4WNorth,0.3452937416191485
0,0.421444074920302,JohnPenroseNews,0.578555925079698
0,0.02115074209412715,tony4ww,0.9788492579058728
0,0.3534075420857976,BWLabour,0.6465924579142024
0,0.2704690041072665,aalancraig,0.7295309958927335
0,0.09532609742586473,James4Woking,0.9046739025741353
0,0.1016261289078394,Alibdem,0.8983738710921606
0,0.056214210070759996,stephenakearney,0.94378578992924
0,0.13001067503840202,BeccyCooper4Lab,0.869989324961598
0,0.16915375670702792,andrew4wrexham,0.8308462432929721
0,0.20190500162359803,WycombeLabour,0.798094998376402
0,0.8229273870824948,WillJonesLD,0.17707261291750523
0,0.09709830866789448,Rhosmeirch,0.9029016913321055
0,0.054014874991961226,NickLovesYork,0.9459851250080388
0,0.3132945239914052,Grace_E_OKeeffe,0.6867054760085948
0,0.1442407670579996,AirdrieShottsLP,0.8557592329420004
0,0.13219705884268207,LeoDochertyUK,0.8678029411573179
0,0.7818431131338254,JohnFisher_1,0.21815688686617465
0,0.7801418994135139,lauraknightly,0.2198581005864862
0,0.00917287150954893,mikeweirsnp,0.9908271284904511
0,0.15882543383636694,HywelPlaidCymru,0.8411745661636331
0,0.5118603587107793,Arran_Rangi,0.4881396412892207
0,0.03669180662812277,NicolaJTurner,0.9633081933718772
0,0.132697013952916,JohnShawLibDem,0.867302986047084
0,0.3025514312303076,alan_h_stone,0.6974485687696924
0,0.5175560374640993,joerayment91,0.4824439625359007
0,0.1608200465561911,BromleyGreens,0.8391799534438089
0,0.1992840022939959,cllrmairead,0.8007159977060041
0,0.013514404597222196,johnfinucane,0.9864855954027778
0,0.4846126834786054,MartinMcAuley,0.5153873165213946
0,0.7637326785396941,samnel84,0.23626732146030596
0,0.2835860275252673,Siobhan_Baillie,0.7164139724747327
0,0.8465345288662831,JohannaBoal,0.15346547113371692
0,0.11836454399924412,Jerry4MP,0.8816354560007559
0,0.18449691074552788,Reena_Ranger,0.8155030892544721
0,0.16459979382401746,ar_browning,0.8354002061759825
0,0.7407362042632469,Sophie4SellyOak,0.25926379573675307
0,0.7554257789199732,davidgoss,0.24457422108002685
0,0.04252456256853099,vickibrowningbg,0.957475437431469
0,0.31513089272319905,aheartforchange,0.684869107276801
0,0.06264669121959943,alasdairkeddie,0.9373533087804006
0,0.228947236261844,RightsReviewer,0.771052763738156
0,0.06262431634687038,ShakaLish,0.9373756836531296
0,0.44284233204994383,Janicemarian7,0.5571576679500562
0,0.05737180637787609,TonyDDyer,0.9426281936221239
0,0.010066720419565689,mthompson_dr,0.9899332795804343
0,0.1044846208794411,NorgroveSelina,0.8955153791205589
0,0.18282301538529144,patGPbroxtowe,0.8171769846147086
0,0.88537598706811,GBirtwistle,0.11462401293188992
0,0.5159956678814528,CalderGreens,0.48400433211854715
0,0.6908152018707178,NGreen4libdems,0.30918479812928223
0,0.03035405034513461,RosieDuffield1,0.9696459496548654
0,0.25211698861893617,EmmaSands4CSP,0.7478830113810638
0,0.10823885709556214,KevinBrennanMP,0.8917611429044379
0,0.5680300213583553,Havard_Hughes,0.4319699786416447
0,0.08819215797784463,AlistairTewkes,0.9118078420221554
0,0.14753132281265846,RealJohnDean,0.8524686771873415
0,0.02766553554861606,alexjwhiteld,0.9723344644513839
0,0.21782393192761673,ChiLabour_15,0.7821760680723833
0,0.19763412249943746,rmarlawrie,0.8023658775005625
0,0.09367961675321024,loydgreens,0.9063203832467898
0,0.24142691783690184,MarkGoacher,0.7585730821630982
0,0.9234168137227005,Tim4Labour,0.0765831862772995
0,0.018666344338087337,JasonMcCartney,0.9813336556619127
0,0.20775313005077645,Sam4Congleton,0.7922468699492236
0,0.6806301346815105,hanson4copeland,0.31936986531848954
0,0.05902752333994088,BethMiller91,0.9409724766600591
0,0.058196503521889764,ciarannorris,0.9418034964781102
0,0.246522532861151,CroydonGreens,0.753477467138849
0,0.2258684859729454,Locke4MP,0.7741315140270546
0,0.022650950348137577,SteveReedMP,0.9773490496518624
0,0.5205572436028756,GreenPeterU,0.4794427563971244
0,0.5296813819378965,JoshSeddon_UKIP,0.47031861806210357
0,0.04773749613253986,racheljanetwolf,0.9522625038674601
0,0.8193964378339311,JohnFerry18,0.18060356216606893
0,0.08506705332027831,seanddundeewest,0.9149329466797217
0,0.2137264078956722,PoyntonJE,0.7862735921043278
0,0.4617440268558166,TD_Hancock,0.5382559731441834
0,0.13026703675316487,km_finlayson,0.8697329632468351
0,0.14600061724764346,RichardKnightGP,0.8539993827523565
0,0.189024004215674,eastsurreyforum,0.810975995784326
0,0.16231181742177203,Green_M_Jackson,0.837688182578228
0,0.45936453114920994,IainMcGill,0.5406354688507901
0,0.4125471831506303,AishaJMir,0.5874528168493697
0,0.13682778682559915,eriththamesmead,0.8631722131744008
0,0.7453159429995269,gildernewm,0.25468405700047314
0,0.12716995274465992,laurafd,0.8728300472553401
0,0.2008634651023551,JulianBurrett,0.7991365348976449
0,0.19715246697631594,johndoherty173,0.8028475330236841
0,0.21140179007434257,derbyshire_cath,0.7885982099256574
0,0.5886500020460461,frankhindle,0.4113499979539539
0,0.03511758053698122,eileen_dinning,0.9648824194630188
0,0.0865183205737885,DanielWoolfUKIP,0.9134816794262115
0,0.07043993776480528,monicacassidyuk,0.9295600622351947
0,0.5700489887717888,BruceTennent,0.4299510112282112
0,0.1330791241431768,BeccaThacka,0.8669208758568232
0,0.025773968739071673,jogideon,0.9742260312609283
0,0.03621072210387932,harryleewoods13,0.9637892778961207
0,0.2165871717819554,DanHarryG,0.7834128282180446
0,0.37124607673560506,brayparry,0.6287539232643949
0,0.5643812520243281,hackneyamyg,0.4356187479756719
0,0.07686689015262427,citizen_higgs,0.9231331098473757
0,0.32455347394846024,smarterbrexit,0.6754465260515398
0,0.9657961884974745,NeilDotObrien,0.034203811502525466
0,0.8118540841064512,andy_hagon,0.18814591589354884
0,0.17169362381401543,havantgreens,0.8283063761859846
0,0.263164304361738,John_Perry_UK,0.736835695638262
0,0.1845674512488782,JohnBowman1210,0.8154325487511218
0,0.779223743512252,SheriefHassan,0.22077625648774798
0,0.05008330082954382,diana4hereford,0.9499166991704562
0,0.2905265893413088,CharleySabel,0.7094734106586912
0,0.010870150770791565,KevinHorkin,0.9891298492292084
0,0.13701607135990335,ChrisEvansMP,0.8629839286400967
0,0.2602231768511436,Joesmythukip,0.7397768231488564
0,0.14531282486368224,Robin_Gwynn,0.8546871751363178
0,0.44197751030070886,KeighleyLabour,0.5580224896992911
0,0.8927911761703142,BallySingh74,0.10720882382968577
0,0.02860713422472394,MichelleDewbs,0.9713928657752761
0,0.3080914105669472,FureyinHD,0.6919085894330528
0,0.14942442745736784,VoteOllerenshaw,0.8505755725426322
0,0.05492166365375861,FabianLeedsNE,0.9450783363462414
0,0.07735093090327527,SeddonTess,0.9226490690967247
0,0.2217045710395087,Stephenson_Ryan,0.7782954289604913
0,0.46244480326207293,amp4leedswest,0.5375551967379271
0,0.48877948736026156,Sujata_4_MP,0.5112205126397384
0,0.16885390203035933,HarrishBigb5,0.8311460979696407
0,0.3614481080427897,Chapman_Dan,0.6385518919572103
0,0.9527510837493413,JohnCryerMP,0.04724891625065875
0,0.18227251458424565,iainsb68,0.8177274854157544
0,0.1584400241247489,DanCardenMP,0.8415599758752511
0,0.05994556440423593,RoryDanielsLD,0.9400544355957641
0,0.14887389059995093,jewelmiah,0.8511261094000491
0,0.09083824079587788,Manifesto4Macc,0.9091617592041221
0,0.9176558435016325,eddie_dass,0.0823441564983675
0,0.41579548085975404,pamewatts,0.584204519140246
0,0.18946393372057668,TGP_Withington,0.8105360662794233
0,0.3026338324797959,SallyCarrMBE,0.6973661675202041
0,0.15909335176154837,Alison4MidDerby,0.8409066482384516
0,0.6589653106691244,UKIPMidSussex,0.34103468933087555
0,0.07539478912773168,chrisjerrey,0.9246052108722683
0,0.06644206476280434,FayGreenParty,0.9335579352371957
0,0.36035335541260105,jcbyoung,0.639646644587399
0,0.6673619443115993,ChrisasDickens,0.33263805568840066
0,0.6307576178243588,Tahirmaher2,0.36924238217564115
0,0.09532609742586473,hfoneill,0.9046739025741353
0,0.03357305991196313,Iwan_Wyn_Llafur,0.9664269400880369
0,0.22170375253005492,GallacherMeghan,0.7782962474699451
0,0.2661275867634634,Ealasaid_MacD,0.7338724132365366
0,0.12831972219579235,orlalowe,0.8716802778042076
0,0.323614481410862,steve4central,0.676385518589138
0,0.22709621758363518,JustinMcNu1ty,0.7729037824163648
0,0.09601649317170757,dannyjgascoigne,0.9039835068282924
0,0.07312994030392062,ianpaisleymp,0.9268700596960794
0,0.34189200753581606,joyinthisplace,0.6581079924641839
0,0.1498058095363386,Frankshivers,0.8501941904636614
0,0.1215758128035781,Elizabeth4NEF,0.8784241871964219
0,0.32482065536864657,GrahamCockarill,0.6751793446313534
0,0.752015089091541,MikeGascoigneUK,0.24798491090845898
0,0.08750094567914724,James4NNorfolk,0.9124990543208528
0,0.1944048437030208,NWBLabour,0.8055951562969792
0,0.2824513956844813,ACPayton,0.7175486043155187
0,0.5168699194993169,JillHopeLibDem,0.48313008050068307
0,0.8553141259033752,AdrianSHolmes,0.14468587409662478
0,0.14507248407792495,lmatthews_NR,0.854927515922075
0,0.11877217672180918,KatBoettge,0.8812278232781908
0,0.17483379489553375,AdamFMcGregor,0.8251662051044663
0,0.6941333132703706,JonathanSmithLD,0.3058666867296293
0,0.5349122886601323,Andrew4Pendle,0.46508771133986776
0,0.037860050507210974,NicolaFWilson,0.962139949492789
0,0.19103655001755604,LibdemBeki,0.808963449982444
0,0.7101187197943766,MrCrazee,0.2898812802056235
0,0.48586273516410916,CllrOliurRahman,0.5141372648358908
0,0.817362164078122,RumalKhan,0.18263783592187796
0,0.2880125921960295,PompeyToryParty,0.7119874078039705
0,0.06202921976854059,BobBuxtonYorksP,0.9379707802314594
0,0.6910922871138785,misterpaulhill,0.30890771288612145
0,0.004133477132971852,TobyBrampton,0.9958665228670281
0,0.07968352329157946,VirginiaCrosbie,0.9203164767084205
0,0.18812268336359217,AndyLittlewood2,0.8118773166364078
0,0.10748858363822,greensonia4RS,0.89251141636178
0,0.12213944832222301,KatieP4RotherV,0.877860551677777
0,0.17372184760493148,MickBower1,0.8262781523950685
0,0.48120886026578313,alexcunliffe4mp,0.5187911397342169
0,0.1943762621067513,UKIPEsherWalton,0.8056237378932487
0,0.13088730516764424,Gedk,0.8691126948323558
0,0.21705054675072,heatherisone,0.78294945324928
0,0.08716418214811139,Mike4Walden,0.9128358178518886
0,0.08072104824918713,SalisburyGreens,0.9192789517508129
0,0.4068427476239782,DruidKingArthur,0.5931572523760218
0,0.2273027814060138,AndyTalliss,0.7726972185939862
0,0.25906301297599044,SedgefieldGreen,0.7409369870240096
0,0.09532609742586473,shaffaqmohd,0.9046739025741353
0,0.3265947286044113,steven_winstone,0.6734052713955887
0,0.3544825863741824,PhilipDaviesUK,0.6455174136258176
0,0.651213220000403,MarkVivis,0.3487867799995969
0,0.15924234025673145,sean_labour,0.8407576597432685
0,0.2643112312990623,cllrmcmurray,0.7356887687009377
0,0.11273085348053524,MRitchieSD,0.8872691465194648
0,0.06545952339920869,EcoWilshire,0.9345404766007913
0,0.5018669050392213,clairemcilvenna,0.49813309496077873
0,0.29939563641751477,GavinWilliamson,0.7006043635824852
0,0.15910779659247565,MartinPCostello,0.8408922034075244
0,0.1704701139699324,KerryPollard4mp,0.8295298860300676
0,0.11807149723714205,Kevin_4_Labour,0.881928502762858
0,0.508146674684914,MikeShone2,0.49185332531508597
0,0.1343022956405998,adam_colclougha,0.8656977043594002
0,0.3579172409338961,gareth_snell,0.6420827590661039
0,0.025063670459583354,KimCaddy,0.9749363295404166
0,0.6728521083803106,BonnieCraven,0.3271478916196894
0,0.016240874631626934,CharleyHasted,0.9837591253683731
0,0.02252939991823899,EstherMcVey1,0.977470600081761
0,0.07155542008329985,Martin4labour,0.9284445799167002
0,0.24719626109724058,cait_clucas,0.7528037389027594
0,0.03507244050920588,eastdevongreens,0.9649275594907941
0,0.22020340025577245,TorbayGreenPart,0.7797965997442275
0,0.5251077843539604,VoteVinceBarry,0.4748922156460395
0,0.07811393354025786,GerriePPCTotnes,0.9218860664597421
0,0.13583639962087612,sarahwollaston,0.8641636003791239
0,0.13309921861164697,aapennington,0.866900781388353
0,0.09814233300183439,alancampbellmp,0.9018576669981656
0,0.08872346718373991,Alliance_UpBann,0.9112765328162601
0,0.8972998963549506,JohnODowdSF,0.10270010364504943
0,0.7703991994447184,CamillaBeaven,0.22960080055528165
0,0.014295653449785672,lovell0711,0.9857043465502143
0,0.10073069380875332,dollytheis,0.8992693061912467
0,0.05678775856501028,angelaeagle,0.9432122414349897
0,0.25906301297599044,GreensWallingfd,0.7409369870240096
0,0.12945943808022353,Chris_Carrigan1,0.8705405619197765
0,0.04377493644968522,jonchilvers,0.9562250635503148
0,0.4085601633100949,JackyAnnH1,0.5914398366899051
0,0.4919804491513394,chris1bowers,0.5080195508486606
0,0.2664461079179392,WHLabour,0.7335538920820608
0,0.029068668141956078,SayersGreen,0.9709313318580439
0,0.03608419534278162,EmmaCrane2017,0.9639158046572184
0,0.4855782753342739,rob_buckman,0.5144217246657261
0,0.028274151407502335,kelvinclaytongp,0.9717258485924977
0,0.15273481997852767,oletwinofficial,0.8472651800214723
0,0.0473786266140076,Cllr_M_Jefferys,0.9526213733859924
0,0.3718462336003019,BarryBonesbrown,0.6281537663996981
0,0.07123081967788458,McCrossanMLA,0.9287691803221154
0,0.25423490217699374,BarryMcElduff,0.7457650978230063
0,0.5353518736032041,futureprogress,0.46464812639679587
0,0.023471287887159575,LabourChaloner,0.9765287121128404
0,0.49362765035239187,PeterLShearman,0.5063723496476081
0,0.09842170931602712,johnredwood,0.9015782906839729
0,0.40453002547242245,WalkerWorcester,0.5954699745275776
0,0.7808262444107419,Matt4wyreforest,0.21917375558925814
0,0.14635130834320953,Fiona20Green,0.8536486916567905
0,0.4877939376627505,MarcusFysh,0.5122060623372495
0,0.46107967687640616,Judge_Rico,0.5389203231235938
0,0.2090325591233564,McGuinnessGreen,0.7909674408766436
0,0.04535122110840095,AlanReidAandB,0.954648778891599
0,0.15924234025673145,Coral4Green,0.8407576597432685
0,0.69343196245001,TonyDevoy,0.30656803754998996
0,0.8992508077621724,AlanPiper8,0.10074919223782768
0,0.5528572934083416,JWoodcockMP,0.4471427065916584
0,0.6052557688653479,Jolph,0.3947442311346521
0,0.10932695928883074,manchester453,0.8906730407111693
0,0.23255697633571892,IrfanAhmedUK,0.7674430236642811
0,0.23213086969742336,freebridgend,0.7678691303025766
0,0.6965019317847871,ukipyeovil,0.3034980682152129
0,0.5764621405599993,BristolEastGrn,0.42353785944000066
0,0.15924234025673145,CharlotteLeslie,0.8407576597432685
0,0.22862253613767614,IKealeySomerset,0.7713774638623239
0,0.09421715651298379,JodianRodgers,0.9057828434870162
0,0.054654940412446784,shepbucksgreens,0.9453450595875532
0,0.5642467590410519,andrew4bury,0.4357532409589481
0,0.29691534782387996,HelenGeake,0.70308465217612
0,0.6078793508812528,hkorfanty,0.3921206491187473
0,0.26348450866840967,GreenKnight2010,0.7365154913315903
0,0.5072362816835119,CheltKeithLab,0.4927637183164882
0,0.5405817529390542,michelledonelan,0.4594182470609458
0,0.07757005390641292,LeeBerks,0.9224299460935871
0,0.11361808016915742,Paulsturdyyaho1,0.8863819198308426
0,0.2601238668570107,Lucycare,0.7398761331429893
0,0.14080283037334518,wessexnow,0.8591971696266548
0,0.10314842980890204,fabio_conti88,0.896851570191098
0,0.06288097007907645,Martie_Warin,0.9371190299209236
0,0.15924234025673145,jill4eastleigh,0.8407576597432685
0,0.0713047738337429,ScotsIndyRef3,0.9286952261662571
0,0.006250115519340738,nickdebois,0.9937498844806593
0,0.15924234025673145,samirjassal,0.8407576597432685
0,0.012945981575734011,haddow_thomas,0.987054018424266
0,0.04746679209195359,PeacePartyUK,0.9525332079080464
0,0.038642293466990996,JohnMansook,0.961357706533009
0,0.22583693283091533,emmalaneblue,0.7741630671690847
0,0.8491866160329453,tonygouldukip,0.15081338396705463
0,0.15924234025673145,Chinners2,0.8407576597432685
0,0.48164272467619806,EdwardJDavey,0.5183572753238019
0,0.016602062248386895,JuliaRaeBrown,0.9833979377516131
0,0.007833000438727145,john4london,0.9921669995612729
0,0.21497762896429495,YolandeKenward,0.785022371035705
0,0.2797047483927865,bobbrierley3,0.7202952516072135
0,0.019884002944770218,Anita4Mansfield,0.9801159970552298
0,0.13222022952188006,GeraldJonesLAB,0.8677797704781199
0,0.17868030264562607,DavidRowlandsAM,0.8213196973543739
0,0.5338868571461972,PaulKenLD,0.4661131428538028
0,0.19477861895436432,judymoore2012,0.8052213810456357
0,0.08412109652585531,RichardChaloner,0.9158789034741447
0,0.6628855875496187,Pat4NorthDorset,0.3371144124503814
0,0.0604965476970043,KRustidge,0.9395034523029957
0,0.11377903322320704,Lee4NED,0.886220966776793
0,0.548893432292481,rosalindgarton,0.451106567707519
0,0.2819471725108711,CllrJohnWhitby,0.7180528274891289
0,0.27842869505026757,WNGreens,0.7215713049497324
0,0.25743200308589764,PaulMackPaisley,0.7425679969141024
0,0.8394214442220134,Mike4Portsmouth,0.16057855577798658
0,0.15924234025673145,freeleedsorguk,0.8407576597432685
0,0.15924234025673145,rontindall4mp,0.8407576597432685
0,0.4568514150671441,MattRodda,0.5431485849328559
0,0.11132147008057103,RebeccaBlake31,0.888678529919429
0,0.30191403149569096,CllrMurray,0.698085968504309
0,0.4600818930736542,DeanPalethorpe1,0.5399181069263458
0,0.16189405153326697,DavidHMalone,0.838105948466733
0,0.6786283001587974,SDPJoeWestnidge,0.32137169984120256
0,0.9137314934317172,SDPIshleen,0.08626850656828275
0,0.06979033370413301,muzafar66,0.930209666295867
0,0.776295406691061,SDPJaspreet,0.22370459330893902
0,0.3309738476035592,dianejforsythe,0.6690261523964408
0,0.508566614183033,Mark_Smith_UKIP,0.4914333858169671
0,0.1812884801632142,labour4swsurrey,0.8187115198367858
0,0.03124239874389001,UKIPStHelens,0.96875760125611
0,0.58489823953632,ZablockiJan,0.41510176046367997
0,0.19722979952025377,BillCashMP,0.8027702004797462
0,0.9059894857095165,C4meronM4tthews,0.09401051429048345
0,0.16842264364101056,robert_g_oliver,0.8315773563589894
0,0.9017830432797861,SG4SurreyHeath,0.09821695672021395
0,0.6240455650549892,michaelgove,0.3759544349450108
0,0.08559946064893764,Kang4Labour,0.9144005393510624
0,0.29033873535039023,AveryforLabour,0.7096612646496098
0,0.7214424002192011,DylanAlexJones,0.27855759978079886
0,0.13852770381197121,SLeylandGreen,0.8614722961880288
0,0.020837126234377168,Nus_Ghani,0.9791628737656228
0,0.17799474253664427,Samuel_P_Currie,0.8220052574633557
0,0.24945647644386126,TimTaylorWeston,0.7505435235561387
0,0.09153459292600552,Green_JohnCoyne,0.9084654070739945
0,0.09173768239706148,binny_uk,0.9082623176029385
0,0.28906015029031906,KieranMullanUK,0.7109398497096809
0,0.0713365464124498,Jagmeet4WlvesSW,0.9286634535875502
0,0.1672144876485736,PaulUppalWSW,0.8327855123514264
0,0.07721282402410823,WFGreens,0.9227871759758918
